1403715279362142976,0.11600,0.02643,0.12760,0.00282,0.81250,-0.00594,0.58293,
1403715279612143104,0.13574,0.02483,0.12312,0.00193,0.81358,-0.00526,0.58143,
1403715279862142976,0.14269,0.01966,0.14560,0.00153,0.81423,-0.00508,0.58051,
1403715280012142848,0.14369,0.01649,0.16660,0.00203,0.81975,-0.00499,0.57270,
1403715280162142976,0.14627,0.01347,0.18695,0.00722,0.83023,-0.00119,0.55738,
1403715280312143104,0.15617,0.00952,0.21165,0.01793,0.82982,0.00681,0.55770,
1403715280412143104,0.16828,0.01083,0.22857,0.02310,0.82691,0.00852,0.56179,
1403715280512142848,0.18457,0.01496,0.24346,0.02207,0.82522,-0.00107,0.56437,
1403715280612143104,0.20118,0.02135,0.25863,0.02335,0.82284,-0.01726,0.56753,
1403715280712142848,0.21741,0.02773,0.27411,0.03186,0.82044,-0.03666,0.56967,
1403715280812143104,0.23656,0.03493,0.28682,0.04369,0.81905,-0.05821,0.56909,
1403715280912143104,0.25912,0.04048,0.29863,0.05694,0.81664,-0.07848,0.56895,
1403715281012142848,0.27917,0.04797,0.30896,0.06718,0.81439,-0.09403,0.56869,
1403715281112143104,0.29955,0.05538,0.31935,0.07571,0.81302,-0.10514,0.56763,
1403715281212142848,0.31762,0.06131,0.32830,0.08212,0.81123,-0.11305,0.56778,
1403715281362142976,0.34492,0.06420,0.33604,0.09216,0.80963,-0.12840,0.56527,
1403715281462142976,0.36474,0.06790,0.33911,0.10236,0.80802,-0.14137,0.56271,
1403715281612143104,0.39369,0.07194,0.33740,0.12371,0.80305,-0.16780,0.55825,
1403715281712142848,0.41460,0.07372,0.33368,0.13994,0.79810,-0.19023,0.55432,
1403715281812143104,0.43637,0.07516,0.32894,0.15625,0.79269,-0.21500,0.54864,
1403715281912143104,0.45772,0.07706,0.32282,0.17341,0.78541,-0.23990,0.54360,
1403715282012142848,0.47993,0.07729,0.31363,0.18850,0.77760,-0.26482,0.53822,
1403715282112143104,0.50437,0.07723,0.30294,0.20417,0.76954,-0.28733,0.53251,
1403715282212142848,0.53174,0.07709,0.29093,0.21854,0.76141,-0.30866,0.52651,
1403715282312143104,0.56189,0.07732,0.27729,0.23244,0.75365,-0.32986,0.51882,
1403715282412143104,0.59265,0.07657,0.26498,0.24771,0.74574,-0.34927,0.51042,
1403715282512142848,0.62589,0.07777,0.25260,0.26138,0.73636,-0.36902,0.50326,
1403715282612143104,0.65750,0.07951,0.24043,0.27586,0.72571,-0.38695,0.49751,
1403715282712142848,0.69175,0.07988,0.22747,0.28833,0.71333,-0.40505,0.49392,
1403715282812143104,0.72640,0.08050,0.21352,0.29775,0.70103,-0.42400,0.49003,
1403715282862142976,0.74548,0.08065,0.20644,0.30378,0.69513,-0.43246,0.48733,
1403715282962142976,0.78208,0.07989,0.19140,0.31613,0.68303,-0.44889,0.48168,
1403715283012142848,0.80071,0.07932,0.18385,0.32175,0.67652,-0.45748,0.47907,
1403715283062142976,0.81936,0.07888,0.17661,0.32684,0.66969,-0.46633,0.47669,
1403715283162142976,0.85857,0.07670,0.16190,0.33485,0.65579,-0.48428,0.47253,
1403715283262142976,0.89264,0.07764,0.14817,0.34415,0.64185,-0.50072,0.46784,
1403715283362142976,0.92482,0.07871,0.13525,0.35352,0.62867,-0.51577,0.46236,
1403715283462142976,0.95384,0.07950,0.12252,0.36048,0.61893,-0.53091,0.45290,
1403715283562142976,0.97940,0.07934,0.11178,0.36904,0.61175,-0.54365,0.44048,
1403715283662142976,1.00645,0.07987,0.10339,0.37514,0.60653,-0.55423,0.42921,
1403715283762142976,1.03280,0.08085,0.09537,0.37973,0.60195,-0.56064,0.42326,
1403715283862142976,1.05885,0.08130,0.08760,0.38388,0.59720,-0.56375,0.42210,
1403715283962142976,1.08569,0.07884,0.07909,0.38604,0.59364,-0.56535,0.42301,
1403715284062142976,1.11335,0.07391,0.06858,0.38359,0.59467,-0.56777,0.42055,
1403715284162142976,1.14045,0.06657,0.05726,0.37868,0.59585,-0.57011,0.42016,
1403715284262142976,1.16574,0.05667,0.04801,0.37128,0.59507,-0.57310,0.42379,
1403715284362142976,1.18660,0.04342,0.03980,0.36513,0.59395,-0.57455,0.42870,
1403715284512142848,1.20615,0.02282,0.03060,0.37131,0.59971,-0.56594,0.42684,
1403715284662142976,1.22000,-0.00198,0.02179,0.37878,0.60535,-0.55548,0.42606,
1403715284762142976,1.22841,-0.01881,0.01493,0.38177,0.60715,-0.55128,0.42628,
1403715284862142976,1.23655,-0.03723,0.00968,0.38721,0.60390,-0.55127,0.42599,
1403715285012142848,1.24509,-0.06196,0.00507,0.39757,0.58410,-0.56254,0.42932,
1403715285162142976,1.25411,-0.08197,0.00655,-0.41233,-0.56086,0.58112,-0.42156,
1403715285362142976,1.26370,-0.09352,0.02015,-0.41215,-0.53991,0.61391,-0.40217,
1403715285462142976,1.26836,-0.09560,0.04499,-0.40862,-0.53607,0.62492,-0.39388,
1403715285562142976,1.26323,-0.09990,0.08190,-0.40621,-0.53218,0.63185,-0.39056,
1403715285612143104,1.25848,-0.10249,0.10169,-0.40556,-0.53005,0.63417,-0.39037,
1403715285662142976,1.25212,-0.10573,0.12136,-0.40552,-0.52897,0.63567,-0.38944,
1403715285712142848,1.24483,-0.10907,0.14035,-0.40513,-0.52764,0.63725,-0.38908,
1403715285762142976,1.23617,-0.11223,0.15906,-0.40729,-0.52683,0.63695,-0.38841,
1403715285812143104,1.22700,-0.11556,0.17716,-0.40903,-0.52628,0.63676,-0.38763,
1403715285862142976,1.21566,-0.11819,0.19400,-0.41194,-0.52756,0.63556,-0.38477,
1403715285912143104,1.20271,-0.11982,0.21029,-0.41565,-0.52958,0.63360,-0.38121,
1403715286012142848,1.18140,-0.12864,0.24196,-0.42056,-0.53476,0.63063,-0.37346,
1403715286112143104,1.16003,-0.13940,0.27013,-0.42347,-0.53717,0.62920,-0.36909,
1403715286212142848,1.14093,-0.15429,0.29592,-0.42037,-0.53528,0.63209,-0.37043,
1403715286312143104,1.12147,-0.17181,0.32031,-0.41949,-0.53508,0.63279,-0.37054,
1403715286412143104,1.10138,-0.19199,0.34244,-0.42161,-0.53573,0.63140,-0.36956,
1403715286512142848,1.08133,-0.21500,0.36212,-0.42488,-0.53645,0.62962,-0.36779,
1403715286612143104,1.06147,-0.24085,0.38038,-0.42850,-0.53415,0.62896,-0.36808,
1403715286712142848,1.04201,-0.26783,0.39815,-0.43722,-0.52487,0.63006,-0.36928,
1403715286812143104,1.02319,-0.29397,0.41317,-0.44442,-0.51578,0.63536,-0.36440,
1403715286912143104,1.00619,-0.31964,0.42547,-0.44465,-0.51174,0.64411,-0.35431,
1403715287012142848,0.99106,-0.34675,0.43880,-0.44593,-0.50898,0.65025,-0.34536,
1403715287112143104,0.97761,-0.37583,0.45221,-0.44898,-0.50547,0.65367,-0.34006,
1403715287212142848,0.96657,-0.40890,0.46509,-0.45564,-0.50020,0.65298,-0.34030,
1403715287312143104,0.95814,-0.44369,0.47814,-0.46111,-0.49515,0.65177,-0.34263,
1403715287412143104,0.95287,-0.47776,0.49048,-0.46192,-0.49141,0.65250,-0.34554,
1403715287562142976,0.94848,-0.52648,0.51048,-0.45766,-0.48056,0.66073,-0.35078,
1403715287662142976,0.94303,-0.55398,0.52553,-0.45635,-0.46805,0.67133,-0.34929,
1403715287762142976,0.93358,-0.57812,0.54341,-0.46030,-0.45358,0.68179,-0.34285,
1403715287862142976,0.91940,-0.60091,0.56309,-0.47065,-0.43809,0.69031,-0.33171,
1403715287962142976,0.90227,-0.62169,0.58280,-0.48441,-0.42034,0.69872,-0.31692,
1403715288062142976,0.88410,-0.63978,0.60058,-0.49697,-0.40015,0.70820,-0.30225,
1403715288162142976,0.86733,-0.65530,0.61514,0.50483,0.38284,-0.71706,0.29052,
1403715288262142976,0.85186,-0.66954,0.61982,0.50869,0.37144,-0.72428,0.28052,
1403715288362142976,0.83788,-0.68518,0.61517,0.51173,0.36474,-0.72850,0.27272,
1403715288512142848,0.82164,-0.70466,0.60380,0.51271,0.35757,-0.73228,0.27025,
1403715288662142976,0.79992,-0.71269,0.61550,0.51056,0.35455,-0.73463,0.27194,
1403715288762142976,0.78094,-0.71224,0.63513,0.51121,0.35705,-0.73379,0.26968,
1403715288862142976,0.76214,-0.71071,0.64664,0.51224,0.36019,-0.73312,0.26533,
1403715288962142976,0.74222,-0.70381,0.64465,0.51551,0.36030,-0.73348,0.25778,
1403715289062142976,0.72419,-0.69864,0.62857,0.51661,0.35513,-0.73763,0.25080,
1403715289162142976,0.70748,-0.69400,0.60166,0.51922,0.34863,-0.74192,0.24170,
1403715289262142976,0.69160,-0.68975,0.57161,0.52197,0.34240,-0.74538,0.23393,
1403715289362142976,0.67904,-0.68667,0.54292,0.52563,0.33423,-0.74947,0.22430,
1403715289462142976,0.66667,-0.68554,0.51060,0.52740,0.32173,-0.75640,0.21494,
1403715289562142976,0.65445,-0.68612,0.47595,0.52903,0.30739,-0.76400,0.20479,
1403715289662142976,0.64310,-0.68996,0.43918,0.52893,0.29473,-0.77154,0.19519,
1403715289712142848,0.63741,-0.69340,0.42012,0.52840,0.28929,-0.77463,0.19248,
1403715289812143104,0.62577,-0.70335,0.38644,0.52937,0.28336,-0.77717,0.18835,
1403715289912143104,0.61403,-0.71834,0.36180,0.53007,0.27974,-0.77760,0.19004,
1403715290012142848,0.60265,-0.73732,0.34857,0.52823,0.28094,-0.77796,0.19187,
1403715290112143104,0.59005,-0.76035,0.34731,0.52955,0.28498,-0.77484,0.19490,
1403715290212142848,0.57648,-0.78552,0.35652,0.52769,0.29192,-0.77309,0.19663,
1403715290312143104,0.56402,-0.81478,0.37332,0.52237,0.29772,-0.77384,0.19913,
1403715290412143104,0.55130,-0.84916,0.38763,0.51560,0.30088,-0.77617,0.20297,
1403715290562142976,0.53152,-0.90548,0.40375,0.51374,0.30218,-0.77559,0.20787,
1403715290612143104,0.52292,-0.92506,0.40814,0.51597,0.30081,-0.77398,0.21035,
1403715290662142976,0.51402,-0.94466,0.41122,0.51650,0.29943,-0.77373,0.21193,
1403715290712142848,0.50460,-0.96467,0.41395,0.51986,0.29874,-0.77172,0.21201,
1403715290762142976,0.49482,-0.98517,0.41634,0.52345,0.29798,-0.76961,0.21191,
1403715290812143104,0.48480,-1.00604,0.41816,0.52584,0.29629,-0.76832,0.21305,
1403715290862142976,0.47490,-1.02706,0.42001,0.52607,0.29438,-0.76848,0.21452,
1403715290912143104,0.46543,-1.04841,0.42130,0.52575,0.29299,-0.76921,0.21461,
1403715290962142976,0.45694,-1.07048,0.42336,0.52623,0.28978,-0.76962,0.21631,
1403715291012142848,0.44799,-1.09144,0.42467,0.52691,0.28519,-0.77008,0.21913,
1403715291062142976,0.43870,-1.11197,0.42574,0.52698,0.27994,-0.77091,0.22277,
1403715291112143104,0.42911,-1.13210,0.42633,0.52642,0.27446,-0.77244,0.22557,
1403715291162142976,0.41882,-1.15107,0.42679,0.52638,0.26895,-0.77359,0.22836,
1403715291212142848,0.40753,-1.16985,0.42750,0.52672,0.26381,-0.77473,0.22970,
1403715291262142976,0.39564,-1.18622,0.42700,0.52732,0.25917,-0.77589,0.22970,
1403715291312143104,0.38341,-1.20201,0.42529,0.52789,0.25517,-0.77724,0.22829,
1403715291412143104,0.35646,-1.23010,0.41991,0.52916,0.24763,-0.78007,0.22398,
1403715291512142848,0.32606,-1.25296,0.41212,0.52846,0.24208,-0.78458,0.21579,
1403715291612143104,0.29336,-1.26972,0.40230,0.52664,0.23450,-0.78987,0.20919,
1403715291712142848,0.25682,-1.28368,0.39258,0.52526,0.22663,-0.79422,0.20480,
1403715291762142976,0.23649,-1.28996,0.38742,0.52612,0.22571,-0.79517,0.19990,
1403715291812143104,0.21446,-1.29733,0.38276,0.52774,0.22566,-0.79546,0.19448,
1403715291862142976,0.19263,-1.30182,0.37746,0.53042,0.22868,-0.79486,0.18591,
1403715291912143104,0.16972,-1.30644,0.37146,0.53275,0.23162,-0.79424,0.17807,
1403715291962142976,0.14641,-1.31151,0.36480,0.53345,0.23252,-0.79444,0.17384,
1403715292012142848,0.12324,-1.31660,0.35820,0.53380,0.23378,-0.79468,0.16994,
1403715292062142976,0.09975,-1.32234,0.35155,0.53403,0.23461,-0.79472,0.16792,
1403715292112143104,0.07529,-1.32942,0.34486,0.53355,0.23628,-0.79446,0.16830,
1403715292162142976,0.05149,-1.33683,0.33765,0.53247,0.23946,-0.79393,0.16972,
1403715292212142848,0.02717,-1.34541,0.33085,0.53160,0.24468,-0.79245,0.17192,
1403715292262142976,0.00281,-1.35520,0.32424,0.53001,0.25120,-0.79077,0.17513,
1403715292312143104,-0.02201,-1.36633,0.31686,0.52781,0.25946,-0.78870,0.17902,
1403715292362142976,-0.04736,-1.37889,0.30968,0.52615,0.26957,-0.78565,0.18238,
1403715292412143104,-0.07211,-1.39343,0.30278,0.52427,0.27916,-0.78221,0.18804,
1403715292462142976,-0.09761,-1.40802,0.29613,0.52090,0.29066,-0.77907,0.19295,
1403715292512142848,-0.12285,-1.42376,0.29021,0.51951,0.30089,-0.77412,0.20078,
1403715292562142976,-0.14742,-1.44025,0.28522,0.51977,0.31154,-0.76729,0.20988,
1403715292612143104,-0.17176,-1.45765,0.28114,0.52115,0.32330,-0.75902,0.21857,
1403715292662142976,-0.19579,-1.47451,0.27867,0.52527,0.33520,-0.74815,0.22805,
1403715292712142848,-0.21837,-1.49172,0.27662,0.52629,0.34777,-0.73899,0.23656,
1403715292762142976,-0.24014,-1.50995,0.27563,0.52746,0.36053,-0.72928,0.24487,
1403715292812143104,-0.26051,-1.52766,0.27632,0.52665,0.37306,-0.72064,0.25327,
1403715292862142976,-0.27902,-1.54537,0.27932,0.52302,0.38560,-0.71392,0.26092,
1403715292912143104,-0.29478,-1.56363,0.28434,0.51642,0.39778,-0.70922,0.26851,
1403715292962142976,-0.30982,-1.58220,0.29245,0.50852,0.40780,-0.70555,0.27804,
1403715293012142848,-0.32392,-1.60046,0.30374,0.50190,0.41607,-0.70121,0.28860,
1403715293112143104,-0.34888,-1.63820,0.33330,-0.48964,-0.43167,0.69146,-0.30950,
1403715293162142976,-0.36032,-1.65736,0.34876,-0.48352,-0.43946,0.68688,-0.31824,
1403715293212142848,-0.37177,-1.67619,0.36464,-0.47792,-0.44802,0.68171,-0.32579,
1403715293262142976,-0.38304,-1.69480,0.38064,-0.47349,-0.45525,0.67587,-0.33430,
1403715293312143104,-0.39434,-1.71263,0.39657,-0.47062,-0.46311,0.66895,-0.34139,
1403715293362142976,-0.40578,-1.73002,0.41225,-0.46836,-0.47032,0.66167,-0.34875,
1403715293412143104,-0.41753,-1.74679,0.42816,-0.46661,-0.47605,0.65406,-0.35758,
1403715293462142976,-0.42963,-1.76192,0.44394,-0.46460,-0.48217,0.64710,-0.36458,
1403715293512142848,-0.44054,-1.77529,0.45924,-0.46040,-0.48929,0.64189,-0.36960,
1403715293562142976,-0.45036,-1.78607,0.47450,-0.45535,-0.49620,0.63748,-0.37425,
1403715293612143104,-0.46114,-1.79696,0.48990,-0.44976,-0.50349,0.63378,-0.37755,
1403715293662142976,-0.47212,-1.80728,0.50555,-0.44369,-0.51106,0.63067,-0.37974,
1403715293712142848,-0.48332,-1.81681,0.52104,-0.43864,-0.51823,0.62677,-0.38235,
1403715293762142976,-0.49415,-1.82554,0.53666,-0.43324,-0.52531,0.62309,-0.38485,
1403715293812143104,-0.50479,-1.83392,0.55207,-0.42874,-0.53222,0.61868,-0.38750,
1403715293862142976,-0.51548,-1.84213,0.56735,-0.42351,-0.53854,0.61454,-0.39108,
1403715293962142976,-0.53696,-1.85819,0.59585,-0.41453,-0.55185,0.60423,-0.39816,
1403715294062142976,-0.55904,-1.87320,0.61521,-0.40625,-0.56492,0.59149,-0.40739,
1403715294162142976,-0.58104,-1.88797,0.62303,-0.39883,-0.57562,0.57692,-0.42043,
1403715294262142976,-0.60383,-1.90132,0.61895,0.39049,0.58573,-0.56219,0.43403,
1403715294362142976,-0.62724,-1.91257,0.60174,0.38091,0.59704,-0.54795,0.44519,
1403715294462142976,-0.65123,-1.92039,0.57469,0.37235,0.60938,-0.53228,0.45464,
1403715294562142976,-0.67586,-1.92462,0.54591,0.36154,0.62387,-0.51740,0.46085,
1403715294662142976,-0.70030,-1.92643,0.51684,0.34879,0.64209,-0.50301,0.46157,
1403715294762142976,-0.72512,-1.92807,0.48799,0.33714,0.65996,-0.48736,0.46181,
1403715294862142976,-0.74894,-1.93093,0.46012,0.32580,0.67423,-0.47152,0.46576,
1403715294962142976,-0.77059,-1.93444,0.43447,0.31812,0.68496,-0.45336,0.47339,
1403715295062142976,-0.78897,-1.93774,0.40997,0.30916,0.69255,-0.43641,0.48408,
1403715295162142976,-0.80452,-1.94021,0.38773,0.29743,0.69684,-0.42116,0.49857,
1403715295262142976,-0.81961,-1.94018,0.37179,0.28502,0.70223,-0.40636,0.51041,
1403715295412143104,-0.84173,-1.93791,0.36939,0.26442,0.71893,-0.38009,0.51842,
1403715295562142976,-0.86431,-1.93242,0.38231,0.24707,0.73637,-0.34885,0.52443,
1403715295712142848,-0.88904,-1.92606,0.36888,0.23742,0.74524,-0.32558,0.53127,
1403715295812143104,-0.90536,-1.91879,0.34948,0.22891,0.74855,-0.31356,0.53754,
1403715295912143104,-0.92116,-1.91079,0.32878,0.21813,0.75056,-0.30288,0.54529,
1403715296012142848,-0.93891,-1.89953,0.30495,0.20633,0.75130,-0.29424,0.55354,
1403715296112143104,-0.95913,-1.88831,0.27659,0.19182,0.75466,-0.29190,0.55542,
1403715296162142976,-0.97102,-1.88182,0.26131,0.18490,0.75882,-0.29041,0.55287,
1403715296212142848,-0.98262,-1.87633,0.24555,0.17936,0.76348,-0.28779,0.54963,
1403715296262142976,-0.99594,-1.87098,0.22948,0.17351,0.76840,-0.28476,0.54623,
1403715296312143104,-1.00979,-1.86659,0.21370,0.16773,0.77477,-0.28151,0.54069,
1403715296412143104,-1.03786,-1.86098,0.18972,0.15810,0.78566,-0.27223,0.53257,
1403715296512142848,-1.06487,-1.86238,0.17585,0.14717,0.79052,-0.26394,0.53269,
1403715296612143104,-1.09105,-1.87047,0.17300,0.14450,0.79316,-0.25339,0.53461,
1403715296712142848,-1.11558,-1.88379,0.17589,0.14750,0.79199,-0.24238,0.54060,
1403715296812143104,-1.13754,-1.90226,0.17831,0.14948,0.79119,-0.23415,0.54484,
1403715296912143104,-1.15815,-1.92331,0.18007,0.15377,0.79085,-0.22195,0.54922,
1403715297012142848,-1.17693,-1.94327,0.17965,0.14933,0.79263,-0.20865,0.55308,
1403715297112143104,-1.19533,-1.95952,0.17685,0.13026,0.79924,-0.19898,0.55196,
1403715297212142848,-1.21064,-1.97818,0.16925,0.10760,0.81104,-0.18652,0.54392,
1403715297312143104,-1.22025,-2.00053,0.16125,0.08607,0.81911,-0.16858,0.54151,
1403715297412143104,-1.22646,-2.02942,0.15104,0.07129,0.82381,-0.14555,0.54320,
1403715297512142848,-1.22751,-2.06513,0.14218,0.06150,0.82610,-0.12218,0.54668,
1403715297562142976,-1.22668,-2.08462,0.13729,0.05567,0.82720,-0.11270,0.54768,
1403715297612143104,-1.22486,-2.10501,0.13172,0.04830,0.82932,-0.10485,0.54671,
1403715297662142976,-1.22269,-2.12577,0.12508,0.04040,0.83138,-0.09831,0.54544,
1403715297712142848,-1.21773,-2.14813,0.12009,0.03186,0.83261,-0.09290,0.54508,
1403715297762142976,-1.21125,-2.17179,0.11566,0.02362,0.83316,-0.08737,0.54558,
1403715297812143104,-1.20280,-2.19649,0.11265,0.01732,0.83069,-0.08061,0.55059,
1403715297862142976,-1.19141,-2.22213,0.10985,0.01148,0.82695,-0.07318,0.55738,
1403715297912143104,-1.18018,-2.24950,0.10872,0.00661,0.82251,-0.06489,0.56499,
1403715297962142976,-1.16826,-2.27782,0.10820,0.00032,0.81587,-0.05692,0.57543,
1403715298012142848,-1.15655,-2.30755,0.10737,-0.00459,0.80901,-0.04662,0.58593,
1403715298062142976,-1.14599,-2.33744,0.10687,-0.00840,0.80383,-0.03443,0.59380,
1403715298112143104,-1.13649,-2.36880,0.10609,-0.00897,0.79991,-0.01961,0.59973,
1403715298162142976,-1.12831,-2.39996,0.10500,-0.00696,0.79877,-0.00253,0.60159,
1403715298212142848,-1.12184,-2.43090,0.10334,-0.00355,0.79903,0.01546,0.60109,
1403715298262142976,-1.11592,-2.46073,0.10164,-0.00126,0.79964,0.03268,0.59959,
1403715298312143104,-1.11261,-2.48945,0.10057,-0.00069,0.80038,0.04678,0.59766,
1403715298362142976,-1.11022,-2.51670,0.09903,-0.00105,0.80253,0.05821,0.59377,
1403715298412143104,-1.10894,-2.54189,0.09864,-0.00183,0.80495,0.06679,0.58957,
1403715298462142976,-1.10850,-2.56545,0.09892,-0.00217,0.80703,0.07363,0.58590,
1403715298512142848,-1.10804,-2.58686,0.10033,-0.00095,0.80822,0.07989,0.58344,
1403715298612143104,-1.10923,-2.62169,0.10482,0.00669,0.80866,0.09112,0.58114,
1403715298712142848,-1.11336,-2.64316,0.11118,0.01416,0.80761,0.09853,0.58126,
1403715298912143104,-1.13141,-2.64025,0.12663,-0.00716,0.81771,0.08154,0.56979,
1403715299012142848,-1.13994,-2.62217,0.13303,-0.03244,0.82632,0.07084,0.55778,
1403715299112143104,-1.14405,-2.59862,0.14051,-0.05023,0.82997,0.07241,0.55081,
1403715299212142848,-1.14255,-2.57133,0.14919,-0.06351,0.83049,0.08122,0.54740,
1403715299312143104,-1.13525,-2.54389,0.15734,-0.07649,0.82976,0.09422,0.54476,
1403715299412143104,-1.12009,-2.51714,0.16544,-0.09055,0.82773,0.11004,0.54273,
1403715299512142848,-1.09752,-2.49094,0.17393,-0.10552,0.82284,0.12867,0.54336,
1403715299612143104,-1.07084,-2.46377,0.18211,-0.12085,0.81557,0.14980,0.54571,
1403715299662142976,-1.05625,-2.45044,0.18564,-0.12915,0.81232,0.16083,0.54552,
1403715299712142848,-1.04099,-2.43732,0.18888,-0.13831,0.80836,0.17150,0.54590,
1403715299762142976,-1.02467,-2.42412,0.19175,-0.14627,0.80531,0.18373,0.54435,
1403715299812143104,-1.00750,-2.41124,0.19428,-0.15584,0.80123,0.19537,0.54366,
1403715299862142976,-0.98964,-2.39889,0.19573,-0.16508,0.79769,0.20753,0.54163,
1403715299912143104,-0.97134,-2.38693,0.19743,-0.17335,0.79314,0.22047,0.54062,
1403715299962142976,-0.95268,-2.37497,0.19906,-0.18163,0.78840,0.23310,0.53954,
1403715300012142848,-0.93296,-2.36313,0.19986,-0.18877,0.78448,0.24467,0.53767,
1403715300062142976,-0.91220,-2.35154,0.20155,-0.19505,0.77827,0.25512,0.53959,
1403715300112143104,-0.89135,-2.34108,0.20291,-0.20100,0.77253,0.26338,0.54169,
1403715300162142976,-0.86874,-2.33128,0.20385,-0.20312,0.76696,0.27216,0.54446,
1403715300212142848,-0.84756,-2.32303,0.20565,-0.20224,0.76158,0.28121,0.54774,
1403715300262142976,-0.82654,-2.31517,0.20722,-0.20281,0.75608,0.28755,0.55184,
1403715300312143104,-0.80653,-2.30788,0.20897,-0.20670,0.75256,0.29008,0.55388,
1403715300362142976,-0.78722,-2.30031,0.21028,-0.21132,0.74990,0.29062,0.55545,
1403715300462142976,-0.75266,-2.28815,0.21388,-0.22068,0.74790,0.28826,0.55575,
1403715300562142976,-0.72297,-2.28002,0.21787,-0.22407,0.74819,0.28640,0.55496,
1403715300662142976,-0.69791,-2.27682,0.22149,-0.22443,0.75054,0.28407,0.55283,
1403715300762142976,-0.67580,-2.27809,0.22413,-0.22424,0.75268,0.28035,0.55190,
1403715300912143104,-0.64883,-2.28859,0.22731,-0.21533,0.75158,0.28033,0.55693,
1403715301062142976,-0.63137,-2.30710,0.22777,-0.20491,0.74979,0.28188,0.56246,
1403715301212142848,-0.62541,-2.33116,0.22809,-0.19510,0.74410,0.28328,0.57272,
1403715301362142976,-0.63756,-2.35729,0.22512,-0.18908,0.74045,0.28576,0.57820,
1403715301462142976,-0.65681,-2.37501,0.21987,-0.19273,0.74322,0.28367,0.57448,
1403715301562142976,-0.68378,-2.39324,0.21012,-0.19860,0.75313,0.27995,0.56123,
1403715301662142976,-0.71486,-2.41260,0.19832,-0.20162,0.76299,0.27650,0.54840,
1403715301762142976,-0.74724,-2.43318,0.18484,-0.19963,0.76711,0.27510,0.54407,
1403715301812143104,-0.76362,-2.44343,0.17823,-0.19603,0.76627,0.27630,0.54595,
1403715301862142976,-0.78009,-2.45319,0.17184,-0.19207,0.76520,0.27760,0.54820,
1403715301912143104,-0.79723,-2.46257,0.16574,-0.18874,0.76477,0.27832,0.54958,
1403715301962142976,-0.81481,-2.47146,0.15984,-0.18786,0.76547,0.27751,0.54933,
1403715302012142848,-0.83307,-2.48000,0.15518,-0.18552,0.76510,0.27763,0.55057,
1403715302062142976,-0.85214,-2.48819,0.15092,-0.18321,0.76508,0.27772,0.55133,
1403715302112143104,-0.87247,-2.49594,0.14686,-0.18089,0.76598,0.27791,0.55075,
1403715302162142976,-0.89309,-2.50347,0.14320,-0.17796,0.76781,0.27836,0.54893,
1403715302212142848,-0.91426,-2.51002,0.14018,-0.17530,0.76956,0.27827,0.54737,
1403715302262142976,-0.93581,-2.51606,0.13756,-0.17252,0.77179,0.27803,0.54523,
1403715302312143104,-0.95783,-2.52088,0.13586,-0.16934,0.77320,0.27810,0.54420,
1403715302362142976,-0.97981,-2.52470,0.13498,-0.16675,0.77410,0.27737,0.54409,
1403715302412143104,-1.00222,-2.52711,0.13475,-0.16461,0.77437,0.27646,0.54481,
1403715302462142976,-1.02510,-2.52841,0.13496,-0.16543,0.77511,0.27344,0.54504,
1403715302512142848,-1.04823,-2.52871,0.13569,-0.16949,0.77696,0.26834,0.54370,
1403715302562142976,-1.07158,-2.52797,0.13640,-0.17267,0.77937,0.26386,0.54142,
1403715302612143104,-1.09489,-2.52683,0.13702,-0.17610,0.78128,0.25966,0.53961,
1403715302662142976,-1.11804,-2.52543,0.13738,-0.17693,0.78299,0.25726,0.53800,
1403715302712142848,-1.14067,-2.52431,0.13669,-0.17947,0.78488,0.25412,0.53590,
1403715302762142976,-1.16244,-2.52191,0.13568,-0.18048,0.78677,0.25226,0.53365,
1403715302812143104,-1.18315,-2.51934,0.13306,-0.18131,0.78942,0.25090,0.53009,
1403715302912143104,-1.22008,-2.51128,0.12669,-0.18127,0.79368,0.25207,0.52314,
1403715303012142848,-1.25283,-2.50102,0.11988,-0.18425,0.79462,0.26000,0.51676,
1403715303112143104,-1.27969,-2.48734,0.11283,-0.19102,0.79225,0.27383,0.51075,
1403715303212142848,-1.30273,-2.47023,0.10579,-0.20135,0.78430,0.29362,0.50806,
1403715303312143104,-1.31880,-2.44717,0.10238,-0.21596,0.76863,0.31678,0.51208,
1403715303412143104,-1.33198,-2.42161,0.09974,-0.22916,0.75128,0.34261,0.51544,
1403715303512142848,-1.34613,-2.39361,0.09705,-0.24300,0.73686,0.36721,0.51298,
1403715303612143104,-1.36219,-2.36383,0.09485,-0.25910,0.72335,0.38940,0.50793,
1403715303712142848,-1.38119,-2.33300,0.09305,-0.28119,0.71064,0.40685,0.50040,
1403715303812143104,-1.40201,-2.30002,0.08989,-0.30204,0.69753,0.42354,0.49278,
1403715303912143104,-1.42298,-2.26902,0.08804,-0.32152,0.68488,0.43701,0.48640,
1403715304012142848,-1.43786,-2.23861,0.08386,-0.33345,0.67615,0.44718,0.48132,
1403715304112143104,-1.45574,-2.21596,0.08096,-0.34209,0.67099,0.45274,0.47726,
1403715304212142848,-1.47201,-2.19745,0.07733,-0.34709,0.66839,0.45554,0.47463,
1403715304312143104,-1.48652,-2.18336,0.07139,-0.34739,0.66964,0.45768,0.47057,
1403715304462142976,-1.50564,-2.17027,0.05934,-0.34326,0.67351,0.45807,0.46769,
1403715304612143104,-1.52127,-2.16421,0.03447,-0.33420,0.67346,0.45785,0.47448,
1403715304712142848,-1.53084,-2.16195,0.00804,-0.33152,0.67409,0.45498,0.47822,
1403715304812143104,-1.54117,-2.16154,-0.01781,-0.32680,0.67586,0.45389,0.48000,
1403715304962142976,-1.55838,-2.16358,-0.03563,-0.32135,0.67911,0.45309,0.47985,
1403715305162142976,-1.58225,-2.16302,-0.02154,-0.32056,0.68199,0.45235,0.47697,
1403715305312143104,-1.59928,-2.16119,-0.00811,-0.32106,0.68383,0.45353,0.47287,
1403715305462142976,-1.61798,-2.16318,0.00387,-0.32255,0.68273,0.45675,0.47034,
1403715305562142976,-1.62997,-2.16486,0.02241,-0.32608,0.68005,0.45905,0.46955,
1403715305662142976,-1.64144,-2.16637,0.05387,-0.32893,0.67738,0.46259,0.46795,
1403715305712142848,-1.64650,-2.16640,0.07366,-0.33204,0.67738,0.46278,0.46556,
1403715305762142976,-1.65107,-2.16649,0.09498,-0.33362,0.67632,0.46392,0.46484,
1403715305812143104,-1.65433,-2.16602,0.11599,-0.33495,0.67591,0.46481,0.46359,
1403715305862142976,-1.65707,-2.16557,0.13631,-0.33481,0.67535,0.46631,0.46299,
1403715305962142976,-1.66217,-2.16634,0.17534,-0.33405,0.67515,0.46839,0.46173,
1403715306062142976,-1.66575,-2.16692,0.21061,-0.33248,0.67556,0.46996,0.46067,
1403715306162142976,-1.66823,-2.16696,0.24220,-0.33397,0.67845,0.46884,0.45648,
1403715306262142976,-1.66776,-2.16673,0.27195,-0.34250,0.68129,0.45943,0.45548,
1403715306362142976,-1.66282,-2.16814,0.30015,-0.35150,0.68487,0.44435,0.45820,
1403715306462142976,-1.65054,-2.17263,0.32856,-0.35554,0.68799,0.42738,0.46649,
1403715306562142976,-1.63080,-2.18399,0.35540,-0.34948,0.69226,0.41235,0.47813,
1403715306612143104,-1.61822,-2.19226,0.36885,-0.34525,0.69429,0.40373,0.48556,
1403715306662142976,-1.60450,-2.20269,0.38241,-0.33931,0.69614,0.39533,0.49394,
1403715306712142848,-1.58948,-2.21574,0.39551,-0.33073,0.69793,0.38803,0.50292,
1403715306762142976,-1.57427,-2.23111,0.40813,-0.32009,0.69998,0.38127,0.51205,
1403715306812143104,-1.55893,-2.24890,0.42092,-0.31072,0.70093,0.37285,0.52262,
1403715306862142976,-1.54377,-2.26902,0.43296,-0.30063,0.70173,0.36435,0.53334,
1403715306912143104,-1.52932,-2.29115,0.44376,-0.28800,0.70307,0.35699,0.54342,
1403715306962142976,-1.51617,-2.31518,0.45396,-0.27291,0.70547,0.35112,0.55186,
1403715307012142848,-1.50469,-2.34091,0.46142,-0.25588,0.70806,0.34614,0.55979,
1403715307062142976,-1.49559,-2.36814,0.46749,-0.23945,0.71186,0.34062,0.56559,
1403715307112143104,-1.48921,-2.39669,0.46946,-0.22410,0.71784,0.33462,0.56791,
1403715307162142976,-1.48510,-2.42544,0.46680,-0.20879,0.72533,0.32856,0.56776,
1403715307212142848,-1.48390,-2.45419,0.46176,-0.19456,0.73252,0.32193,0.56737,
1403715307262142976,-1.48524,-2.48248,0.45415,-0.18062,0.73947,0.31548,0.56659,
1403715307312143104,-1.48894,-2.50965,0.44373,-0.16924,0.74637,0.30740,0.56550,
1403715307362142976,-1.49461,-2.53524,0.43155,-0.16105,0.75435,0.29755,0.56256,
1403715307412143104,-1.50302,-2.55931,0.41868,-0.15745,0.76363,0.28482,0.55764,
1403715307462142976,-1.51283,-2.58201,0.40604,-0.15527,0.77198,0.27156,0.55335,
1403715307512142848,-1.52371,-2.60368,0.39372,-0.15304,0.77931,0.25890,0.54975,
1403715307562142976,-1.53495,-2.62423,0.38169,-0.15109,0.78573,0.24622,0.54697,
1403715307612143104,-1.54626,-2.64329,0.36966,-0.14845,0.79112,0.23413,0.54523,
1403715307662142976,-1.55728,-2.66132,0.35782,-0.14466,0.79584,0.22245,0.54428,
1403715307712142848,-1.56798,-2.67915,0.34544,-0.13857,0.80032,0.21167,0.54358,
1403715307762142976,-1.57802,-2.69637,0.33307,-0.13102,0.80388,0.20142,0.54409,
1403715307812143104,-1.58734,-2.71241,0.32027,-0.12247,0.80719,0.19125,0.54486,
1403715307862142976,-1.59452,-2.72520,0.30660,-0.11393,0.81008,0.18099,0.54592,
1403715307912143104,-1.60252,-2.73936,0.29377,-0.10482,0.81282,0.17127,0.54682,
1403715308012142848,-1.61625,-2.76442,0.26839,-0.08681,0.81658,0.15166,0.55014,
1403715308112143104,-1.62581,-2.78525,0.24348,-0.07038,0.81968,0.13150,0.55306,
1403715308212142848,-1.63295,-2.80160,0.22036,-0.05636,0.82181,0.11452,0.55528,
1403715308312143104,-1.63876,-2.81634,0.19655,-0.04397,0.82369,0.09880,0.55664,
1403715308412143104,-1.64072,-2.82454,0.17281,-0.03587,0.82496,0.08381,0.55779,
1403715308512142848,-1.64219,-2.82986,0.14875,-0.03458,0.82549,0.07106,0.55885,
1403715308662142976,-1.63523,-2.83136,0.12702,-0.03910,0.82636,0.05886,0.55870,
1403715308862142976,-1.60891,-2.82720,0.13545,-0.04366,0.82881,0.05416,0.55520,
1403715308962142976,-1.58719,-2.82521,0.14592,-0.04850,0.82924,0.05346,0.55421,
1403715309062142976,-1.56239,-2.82459,0.15589,-0.05584,0.82659,0.05353,0.55747,
1403715309162142976,-1.53555,-2.82763,0.16471,-0.06456,0.82359,0.05420,0.56088,
1403715309262142976,-1.50642,-2.83398,0.17459,-0.07569,0.81573,0.05414,0.57090,
1403715309362142976,-1.47716,-2.84557,0.18371,-0.07985,0.80920,0.05948,0.57904,
1403715309462142976,-1.45001,-2.86201,0.19078,-0.07432,0.80885,0.07090,0.57897,
1403715309562142976,-1.42518,-2.88096,0.19804,-0.06940,0.80918,0.08102,0.57780,
1403715309662142976,-1.40213,-2.90053,0.20536,-0.06793,0.80918,0.08763,0.57700,
1403715309762142976,-1.38199,-2.92010,0.21128,-0.07094,0.81024,0.09049,0.57471,
1403715309862142976,-1.36433,-2.94071,0.21717,-0.07946,0.81225,0.08890,0.57099,
1403715309962142976,-1.34718,-2.96274,0.22189,-0.09047,0.81367,0.08462,0.56798,
1403715310062142976,-1.32868,-2.98883,0.22512,-0.09743,0.80902,0.08103,0.57396,
1403715310162142976,-1.30936,-3.02142,0.22808,-0.09591,0.80241,0.07631,0.58406,
1403715310212142848,-1.30087,-3.03983,0.22978,-0.09102,0.80005,0.07426,0.58832,
1403715310262142976,-1.29348,-3.05964,0.23160,-0.08286,0.79832,0.07297,0.59202,
1403715310312143104,-1.28707,-3.08120,0.23356,-0.07265,0.79709,0.07193,0.59515,
1403715310362142976,-1.28296,-3.10328,0.23615,-0.06338,0.79665,0.06892,0.59714,
1403715310412143104,-1.28070,-3.12518,0.23887,-0.05439,0.79718,0.06448,0.59782,
1403715310462142976,-1.27961,-3.14828,0.24101,-0.04634,0.79847,0.05860,0.59739,
1403715310512142848,-1.28025,-3.17018,0.24317,-0.03904,0.80122,0.05307,0.59473,
1403715310562142976,-1.28236,-3.19248,0.24530,-0.03285,0.80470,0.04785,0.59083,
1403715310612143104,-1.28558,-3.21365,0.24769,-0.02736,0.80867,0.04331,0.58603,
1403715310662142976,-1.28945,-3.23442,0.25007,-0.02274,0.81262,0.03930,0.58102,
1403715310712142848,-1.29367,-3.25479,0.25226,-0.01913,0.81586,0.03564,0.57684,
1403715310812143104,-1.30242,-3.29242,0.25732,-0.01484,0.81994,0.02962,0.57149,
1403715310912143104,-1.31065,-3.32740,0.26164,-0.01282,0.82085,0.02465,0.57046,
1403715311012142848,-1.31873,-3.36039,0.26528,-0.01409,0.82283,0.01835,0.56782,
1403715311112143104,-1.32497,-3.39213,0.26567,-0.01836,0.82528,0.01072,0.56433,
1403715311262142976,-1.32808,-3.44096,0.26644,-0.02412,0.82668,0.00186,0.56216,
1403715311362142976,-1.32541,-3.47615,0.26754,-0.02710,0.82795,-0.00232,0.56015,
1403715311462142976,-1.31804,-3.51459,0.27139,-0.02191,0.82909,-0.00057,0.55868,
1403715311512142848,-1.31309,-3.53492,0.27352,-0.01686,0.82944,0.00172,0.55834,
1403715311562142976,-1.30693,-3.55655,0.27551,-0.01300,0.82926,0.00348,0.55871,
1403715311612143104,-1.30007,-3.57726,0.27833,-0.01016,0.82871,0.00459,0.55957,
1403715311662142976,-1.29110,-3.59756,0.28015,-0.00763,0.82838,0.00531,0.56008,
1403715311712142848,-1.28275,-3.61794,0.28268,-0.00780,0.82790,0.00421,0.56080,
1403715311762142976,-1.27336,-3.63831,0.28515,-0.00836,0.82747,0.00295,0.56144,
1403715311812143104,-1.26320,-3.65924,0.28768,-0.00911,0.82708,0.00102,0.56201,
1403715311862142976,-1.25198,-3.67960,0.29019,-0.01102,0.82651,-0.00220,0.56281,
1403715311912143104,-1.23976,-3.69978,0.29301,-0.01096,0.82565,-0.00406,0.56407,
1403715311962142976,-1.22707,-3.72034,0.29558,-0.00895,0.82554,-0.00492,0.56425,
1403715312012142848,-1.21330,-3.74095,0.29811,-0.00531,0.82565,-0.00463,0.56414,
1403715312062142976,-1.19874,-3.76163,0.30035,-0.00123,0.82587,-0.00394,0.56384,
1403715312112143104,-1.18367,-3.78211,0.30252,0.00162,0.82526,-0.00407,0.56474,
1403715312162142976,-1.16787,-3.80293,0.30513,0.00472,0.82479,-0.00387,0.56541,
1403715312212142848,-1.15247,-3.82277,0.30772,0.00695,0.82465,-0.00426,0.56559,
1403715312262142976,-1.13638,-3.84213,0.31004,0.00814,0.82465,-0.00543,0.56556,
1403715312312143104,-1.12040,-3.86120,0.31269,0.00731,0.82445,-0.00777,0.56583,
1403715312362142976,-1.10385,-3.88020,0.31494,0.00609,0.82464,-0.01028,0.56553,
1403715312412143104,-1.08689,-3.89961,0.31769,0.00490,0.82440,-0.01258,0.56584,
1403715312462142976,-1.06944,-3.91837,0.31955,0.00353,0.82387,-0.01491,0.56657,
1403715312512142848,-1.05193,-3.93709,0.32127,0.00254,0.82259,-0.01633,0.56840,
1403715312562142976,-1.03410,-3.95587,0.32200,0.00352,0.82171,-0.01609,0.56966,
1403715312612143104,-1.01616,-3.97494,0.32257,0.00542,0.81984,-0.01476,0.57237,
1403715312662142976,-0.99809,-3.99382,0.32241,0.00791,0.81735,-0.01253,0.57595,
1403715312712142848,-0.98010,-4.01249,0.32152,0.00949,0.81475,-0.01059,0.57964,
1403715312762142976,-0.96256,-4.02987,0.31983,0.01161,0.81273,-0.00776,0.58247,
1403715312812143104,-0.94567,-4.04709,0.31730,0.01418,0.81101,-0.00397,0.58485,
1403715312862142976,-0.92951,-4.06336,0.31542,0.01559,0.80810,-0.00015,0.58883,
1403715312912143104,-0.91425,-4.07907,0.31471,0.01582,0.80531,0.00330,0.59264,
1403715312962142976,-0.89992,-4.09341,0.31695,0.01589,0.80288,0.00693,0.59589,
1403715313062142976,-0.87778,-4.11847,0.32854,0.01538,0.80051,0.01349,0.59897,
1403715313162142976,-0.86234,-4.13658,0.34836,0.01421,0.80123,0.01904,0.59788,
1403715313262142976,-0.85226,-4.14985,0.37040,0.00737,0.80381,0.01975,0.59451,
1403715313362142976,-0.84768,-4.15965,0.38905,0.00087,0.80826,0.01939,0.58850,
1403715313512142848,-0.84742,-4.17202,0.41507,-0.00008,0.81359,0.01665,0.58120,
1403715313662142976,-0.85171,-4.18101,0.44231,0.01106,0.81601,0.01069,0.57783,
1403715313762142976,-0.85684,-4.18328,0.46214,0.01570,0.81658,0.00650,0.57698,
1403715313862142976,-0.86273,-4.18191,0.48296,0.01798,0.81670,0.00190,0.57678,
1403715313962142976,-0.86870,-4.17689,0.50228,0.01482,0.81634,-0.00428,0.57736,
1403715314112143104,-0.88023,-4.16819,0.52350,0.02235,0.81827,-0.01455,0.57422,
1403715314262142976,-0.89294,-4.15958,0.53747,0.04758,0.81902,-0.03513,0.57071,
1403715314412143104,-0.90404,-4.14443,0.54549,0.06929,0.81929,-0.06285,0.56570,
1403715314562142976,-0.90968,-4.11974,0.54955,0.07986,0.81937,-0.08608,0.56111,
1403715314662142976,-0.91098,-4.09922,0.55079,0.08194,0.81784,-0.09799,0.56109,
1403715314762142976,-0.91130,-4.07627,0.54946,0.08511,0.81644,-0.10469,0.56144,
1403715314862142976,-0.90883,-4.05124,0.54915,0.08896,0.81428,-0.10746,0.56346,
1403715314962142976,-0.90422,-4.02415,0.54826,0.08977,0.81281,-0.10965,0.56502,
1403715315062142976,-0.89689,-3.99444,0.54726,0.08682,0.81045,-0.11205,0.56840,
1403715315162142976,-0.88844,-3.96252,0.54576,0.08474,0.81021,-0.11302,0.56887,
1403715315262142976,-0.88137,-3.92985,0.54534,0.08352,0.81071,-0.11345,0.56824,
1403715315362142976,-0.87542,-3.89729,0.54648,0.08692,0.81010,-0.11779,0.56772,
1403715315462142976,-0.87011,-3.86527,0.54774,0.09169,0.80861,-0.12788,0.56692,
1403715315562142976,-0.86574,-3.83365,0.55032,0.09749,0.80584,-0.14059,0.56688,
1403715315662142976,-0.86314,-3.80310,0.55263,0.10450,0.80251,-0.15463,0.56669,
1403715315762142976,-0.86161,-3.77376,0.55439,0.10617,0.79704,-0.17537,0.56807,
1403715315862142976,-0.86294,-3.74721,0.55462,0.11056,0.79238,-0.19687,0.56671,
1403715315962142976,-0.86709,-3.72433,0.55362,0.12297,0.78847,-0.21459,0.56316,
1403715316062142976,-0.87378,-3.70495,0.55024,0.13921,0.78491,-0.23055,0.55801,
1403715316212142848,-0.88586,-3.68310,0.53890,0.16935,0.78098,-0.25177,0.54589,
1403715316362142976,-0.89790,-3.66458,0.52213,0.19913,0.78304,-0.27495,0.52115,
1403715316512142848,-0.89903,-3.64358,0.50253,0.21785,0.78240,-0.29389,0.50400,
1403715316612143104,-0.88988,-3.62826,0.48813,0.22379,0.77637,-0.30415,0.50463,
1403715316712142848,-0.87453,-3.61191,0.47231,0.22810,0.76823,-0.31223,0.51020,
1403715316812143104,-0.85382,-3.59787,0.45370,0.23408,0.76026,-0.32157,0.51362,
1403715316912143104,-0.83100,-3.58335,0.43296,0.24262,0.75140,-0.33405,0.51473,
1403715317012142848,-0.80650,-3.56936,0.41233,0.25548,0.73942,-0.34879,0.51607,
1403715317112143104,-0.78239,-3.55255,0.39174,0.26611,0.72894,-0.36886,0.51163,
1403715317262142976,-0.74649,-3.52528,0.36303,0.28515,0.71501,-0.40132,0.49638,
1403715317362142976,-0.72082,-3.50669,0.34502,0.29855,0.70328,-0.42367,0.48659,
1403715317462142976,-0.69587,-3.48648,0.32942,0.30944,0.68892,-0.44752,0.47891,
1403715317562142976,-0.67019,-3.46811,0.31414,0.32185,0.67454,-0.46866,0.47092,
1403715317662142976,-0.64468,-3.45086,0.30042,0.33320,0.65917,-0.48888,0.46420,
1403715317762142976,-0.61978,-3.43470,0.28840,0.34258,0.64343,-0.50907,0.45770,
1403715317862142976,-0.59697,-3.41994,0.27622,0.34514,0.62488,-0.53266,0.45461,
1403715317962142976,-0.57726,-3.40687,0.26503,0.35236,0.60960,-0.55115,0.44773,
1403715318062142976,-0.56239,-3.39438,0.25414,0.36034,0.59609,-0.56596,0.44104,
1403715318212142848,-0.55093,-3.37672,0.23783,0.36875,0.58271,-0.58001,0.43366,
1403715318362142976,-0.55301,-3.36170,0.22032,-0.37694,-0.57579,0.58774,-0.42538,
1403715318512142848,-0.56917,-3.34604,0.20388,-0.39264,-0.57389,0.59259,-0.40660,
1403715318662142976,-0.59064,-3.33748,0.18469,-0.40033,-0.57174,0.60644,-0.38089,
1403715318762142976,-0.60558,-3.33739,0.17078,-0.39940,-0.56665,0.62128,-0.36525,
1403715318912143104,-0.62857,-3.35259,0.15331,-0.40868,-0.55211,0.63753,-0.34886,
1403715319012142848,-0.64361,-3.37416,0.14325,-0.41898,-0.54027,0.64397,-0.34332,
1403715319112143104,-0.65823,-3.40327,0.13406,-0.43301,-0.52730,0.64871,-0.33710,
1403715319262142976,-0.67715,-3.45612,0.12302,-0.45378,-0.50664,0.65695,-0.32530,
1403715319362142976,-0.68561,-3.49589,0.11733,-0.46556,-0.49294,0.66422,-0.31476,
1403715319412143104,-0.68846,-3.51753,0.11445,-0.47083,-0.48540,0.66811,-0.31038,
1403715319462142976,-0.69045,-3.53981,0.11154,-0.47477,-0.47684,0.67274,-0.30765,
1403715319512142848,-0.69179,-3.56212,0.10878,-0.47844,-0.46783,0.67776,-0.30475,
1403715319562142976,-0.69274,-3.58549,0.10616,-0.48204,-0.45970,0.68254,-0.30075,
1403715319612143104,-0.69256,-3.60922,0.10484,-0.48499,-0.45165,0.68703,-0.29798,
1403715319662142976,-0.69185,-3.63413,0.10553,-0.48769,-0.44618,0.69033,-0.29414,
1403715319712142848,-0.68989,-3.65953,0.10863,-0.48910,-0.44125,0.69326,-0.29237,
1403715319762142976,-0.68683,-3.68553,0.11469,-0.48974,-0.43868,0.69542,-0.29002,
1403715319812143104,-0.68301,-3.71248,0.12410,-0.48990,-0.43641,0.69695,-0.28949,
1403715319912143104,-0.67326,-3.76939,0.15021,-0.48987,-0.43250,0.70005,-0.28794,
1403715319962142976,-0.66729,-3.79907,0.16515,-0.49055,-0.43077,0.70114,-0.28671,
1403715320012142848,-0.66101,-3.82813,0.18039,-0.49191,-0.42802,0.70251,-0.28512,
1403715320062142976,-0.65429,-3.85786,0.19492,-0.49352,-0.42460,0.70442,-0.28274,
1403715320162142976,-0.63959,-3.91791,0.22153,0.50036,0.41505,-0.70842,0.27479,
1403715320212142848,-0.63152,-3.94832,0.23405,0.50517,0.40742,-0.71104,0.27061,
1403715320262142976,-0.62266,-3.97922,0.24613,0.51202,0.39780,-0.71314,0.26649,
1403715320412143104,-0.59236,-4.06666,0.28153,0.52822,0.35535,-0.72664,0.25828,
1403715320462142976,-0.58095,-4.09387,0.29221,0.53168,0.33996,-0.73321,0.25327,
1403715320512142848,-0.56862,-4.11855,0.30216,0.53372,0.32471,-0.74061,0.24739,
1403715320562142976,-0.55553,-4.14186,0.31191,0.53569,0.30915,-0.74770,0.24167,
1403715320612143104,-0.54214,-4.16486,0.32185,0.53715,0.29343,-0.75458,0.23660,
1403715320662142976,-0.52870,-4.18694,0.33169,0.53863,0.27714,-0.76100,0.23226,
1403715320712142848,-0.51507,-4.20765,0.34096,0.53967,0.26157,-0.76680,0.22883,
1403715320762142976,-0.50158,-4.22771,0.34975,0.54027,0.24637,-0.77171,0.22776,
1403715320812143104,-0.48807,-4.24598,0.35806,0.54074,0.23298,-0.77561,0.22748,
1403715320862142976,-0.47524,-4.26234,0.36527,0.53928,0.22192,-0.78003,0.22690,
1403715320912143104,-0.46318,-4.27774,0.37202,0.53684,0.21358,-0.78452,0.22521,
1403715321012142848,-0.44144,-4.30035,0.38491,0.53421,0.20478,-0.79091,0.21712,
1403715321112143104,-0.42428,-4.31294,0.39685,0.53430,0.20213,-0.79414,0.20738,
1403715321262142976,-0.40700,-4.32007,0.41108,0.53413,0.20239,-0.79692,0.19661,
1403715321462142976,-0.40215,-4.30573,0.42659,0.53399,0.20155,-0.79704,0.19737,
1403715321612143104,-0.41242,-4.27792,0.43782,0.53342,0.20845,-0.79587,0.19648,
1403715321712142848,-0.42565,-4.25194,0.44723,0.53876,0.21006,-0.79213,0.19529,
1403715321812143104,-0.44297,-4.22202,0.45731,0.54513,0.20366,-0.78899,0.19710,
1403715321862142976,-0.45258,-4.20458,0.46266,0.54964,0.19761,-0.78651,0.20062,
1403715321912143104,-0.46279,-4.18512,0.46771,0.55373,0.19262,-0.78452,0.20200,
1403715322012142848,-0.48335,-4.13743,0.47612,0.55441,0.18457,-0.78726,0.19694,
1403715322062142976,-0.49369,-4.10974,0.48016,0.55116,0.18080,-0.79120,0.19375,
1403715322112143104,-0.50509,-4.08035,0.48467,0.54861,0.17927,-0.79474,0.18782,
1403715322162142976,-0.51716,-4.04910,0.48931,0.54760,0.18152,-0.79716,0.17810,
1403715322262142976,-0.54372,-3.98216,0.49839,0.54868,0.18533,-0.79990,0.15735,
1403715322312143104,-0.55738,-3.94713,0.50243,0.54817,0.18492,-0.80220,0.14763,
1403715322362142976,-0.57173,-3.91193,0.50506,0.54773,0.18272,-0.80467,0.13824,
1403715322412143104,-0.58661,-3.87698,0.50535,0.54753,0.17899,-0.80724,0.12858,
1403715322462142976,-0.60183,-3.84195,0.50204,0.54677,0.17403,-0.81016,0.11999,
1403715322512142848,-0.61680,-3.80711,0.49617,0.54612,0.16881,-0.81274,0.11271,
1403715322562142976,-0.63228,-3.77384,0.48720,0.54464,0.16380,-0.81546,0.10755,
1403715322612143104,-0.64826,-3.74196,0.47680,0.54381,0.16015,-0.81739,0.10242,
1403715322662142976,-0.66558,-3.71192,0.46574,0.54269,0.15694,-0.81921,0.09877,
1403715322712142848,-0.68382,-3.68311,0.45469,0.54263,0.15430,-0.82006,0.09615,
1403715322812143104,-0.72428,-3.62917,0.43281,0.54397,0.15089,-0.82023,0.09250,
1403715322862142976,-0.74652,-3.60443,0.42433,0.54391,0.15059,-0.82053,0.09065,
1403715322912143104,-0.76984,-3.58150,0.41897,0.54530,0.15091,-0.81978,0.08853,
1403715322962142976,-0.79384,-3.56045,0.41640,0.54657,0.15101,-0.81907,0.08703,
1403715323012142848,-0.81789,-3.54044,0.41714,0.54741,0.15158,-0.81852,0.08597,
1403715323112143104,-0.86864,-3.50585,0.42491,0.54808,0.15274,-0.81796,0.08492,
1403715323212142848,-0.92307,-3.47889,0.42873,0.54882,0.15554,-0.81716,0.08282,
1403715323262142976,-0.95230,-3.46887,0.42598,0.54999,0.15666,-0.81625,0.08193,
1403715323312143104,-0.98165,-3.46068,0.42049,0.55029,0.15758,-0.81591,0.08148,
1403715323362142976,-1.01065,-3.45297,0.41417,0.55076,0.15730,-0.81556,0.08237,
1403715323412143104,-1.04023,-3.44731,0.40979,0.55106,0.15740,-0.81534,0.08235,
1403715323562142976,-1.13278,-3.44253,0.41046,0.54984,0.15698,-0.81625,0.08235,
1403715323612143104,-1.16433,-3.44453,0.41752,0.55527,0.15561,-0.81264,0.08417,
1403715323662142976,-1.19649,-3.44830,0.42646,0.56382,0.15343,-0.80685,0.08698,
1403715323712142848,-1.22837,-3.45311,0.43578,0.57309,0.15149,-0.80046,0.08877,
1403715323762142976,-1.25962,-3.45899,0.44427,0.58313,0.14977,-0.79329,0.09067,
1403715323812143104,-1.28866,-3.46527,0.45277,0.59160,0.14813,-0.78706,0.09281,
1403715323862142976,-1.31644,-3.47252,0.46054,0.59893,0.14656,-0.78157,0.09461,
1403715323912143104,-1.34290,-3.48195,0.46819,0.60631,0.14547,-0.77589,0.09601,
1403715323962142976,-1.36512,-3.49091,0.47664,0.61531,0.14414,-0.76867,0.09878,
1403715324012142848,-1.38405,-3.49995,0.48494,0.62190,0.14266,-0.76324,0.10171,
1403715324112143104,-1.41155,-3.51652,0.49763,0.62171,0.14101,-0.76304,0.10659,
1403715324212142848,-1.42560,-3.53207,0.50840,0.61178,0.13953,-0.77066,0.11111,
1403715324362142976,-1.42820,-3.55299,0.52621,0.59648,0.13255,-0.78161,0.12541,
1403715324512142848,-1.41305,-3.56238,0.54186,0.56771,0.12812,-0.80194,0.13481,
1403715324662142976,-1.39781,-3.56265,0.56151,0.55442,0.12924,-0.81146,0.13209,
1403715324812143104,-1.38788,-3.55442,0.58136,0.55740,0.13580,-0.80997,0.12171,
1403715324962142976,-1.37955,-3.54196,0.59899,0.57044,0.14586,-0.80089,0.10912,
1403715325112143104,-1.36905,-3.52978,0.61178,0.58132,0.14733,-0.79248,0.11108,
1403715325262142976,-1.35102,-3.51718,0.62016,0.58377,0.14802,-0.79000,0.11490,
1403715325412143104,-1.32405,-3.50306,0.62424,0.57511,0.14829,-0.79564,0.11924,
1403715325512142848,-1.30341,-3.49229,0.62450,0.56548,0.14713,-0.80223,0.12253,
1403715325612143104,-1.28423,-3.48240,0.62469,0.55979,0.14153,-0.80597,0.13044,
1403715325712142848,-1.26777,-3.46910,0.62400,0.55567,0.13472,-0.80850,0.13930,
1403715325812143104,-1.25446,-3.45054,0.62412,0.55151,0.13230,-0.81140,0.14130,
1403715325912143104,-1.24437,-3.42721,0.62275,0.54933,0.13297,-0.81324,0.13857,
1403715326012142848,-1.23853,-3.39925,0.62031,0.54876,0.13506,-0.81414,0.13339,
1403715326162142976,-1.23915,-3.35264,0.61368,0.55496,0.14175,-0.81113,0.11833,
1403715326262142976,-1.24370,-3.32109,0.60626,0.56019,0.14539,-0.80812,0.10948,
1403715326362142976,-1.24955,-3.29052,0.59862,0.56970,0.14581,-0.80188,0.10566,
1403715326462142976,-1.25457,-3.26232,0.59199,0.58048,0.14335,-0.79454,0.10582,
1403715326562142976,-1.25602,-3.23457,0.58424,0.58859,0.14131,-0.78894,0.10568,
1403715326662142976,-1.25165,-3.20629,0.57540,0.59253,0.14011,-0.78638,0.10432,
1403715326762142976,-1.24209,-3.17690,0.56519,0.58928,0.13745,-0.78928,0.10431,
1403715326862142976,-1.22639,-3.14692,0.55307,0.57981,0.13281,-0.79665,0.10732,
1403715326962142976,-1.20686,-3.11626,0.54104,0.57101,0.12897,-0.80338,0.10908,
1403715327062142976,-1.18691,-3.08460,0.53109,0.56552,0.12336,-0.80748,0.11377,
1403715327162142976,-1.16863,-3.05018,0.52232,0.56051,0.11959,-0.81112,0.11670,
1403715327212142848,-1.16029,-3.03196,0.51784,0.55800,0.11803,-0.81290,0.11789,
1403715327262142976,-1.15257,-3.01269,0.51401,0.55568,0.11643,-0.81459,0.11877,
1403715327312143104,-1.14605,-2.99259,0.51079,0.55391,0.11468,-0.81588,0.11989,
1403715327362142976,-1.14026,-2.97126,0.50761,0.55223,0.11306,-0.81712,0.12072,
1403715327412143104,-1.13613,-2.94920,0.50418,0.55094,0.11127,-0.81811,0.12159,
1403715327462142976,-1.13298,-2.92641,0.50082,0.55005,0.11169,-0.81865,0.12157,
1403715327512142848,-1.13034,-2.90181,0.49754,0.54954,0.11267,-0.81870,0.12265,
1403715327562142976,-1.12927,-2.87621,0.49445,0.54960,0.11686,-0.81823,0.12159,
1403715327612143104,-1.12982,-2.85026,0.49144,0.54991,0.12276,-0.81738,0.12006,
1403715327662142976,-1.13132,-2.82377,0.48828,0.54986,0.12946,-0.81644,0.11971,
1403715327762142976,-1.13651,-2.77036,0.48147,0.54936,0.14558,-0.81362,0.12260,
1403715327812143104,-1.14042,-2.74398,0.47738,0.54818,0.15468,-0.81227,0.12567,
1403715327862142976,-1.14493,-2.71796,0.47298,0.54694,0.16400,-0.81053,0.13038,
1403715327912143104,-1.15021,-2.69245,0.46841,0.54669,0.17385,-0.80786,0.13518,
1403715327962142976,-1.15580,-2.66649,0.46378,0.54708,0.18373,-0.80463,0.13972,
1403715328062142976,-1.16985,-2.61585,0.45510,0.54966,0.19951,-0.79792,0.14626,
1403715328112143104,-1.17749,-2.59021,0.45141,0.55230,0.20506,-0.79426,0.14856,
1403715328162142976,-1.18567,-2.56527,0.44841,0.55533,0.20932,-0.79077,0.14989,
1403715328212142848,-1.19332,-2.54099,0.44627,0.55933,0.21259,-0.78703,0.15010,
1403715328262142976,-1.19911,-2.51560,0.44397,0.56326,0.21427,-0.78372,0.15036,
1403715328312143104,-1.20526,-2.49175,0.44236,0.56700,0.21531,-0.78092,0.14940,
1403715328362142976,-1.21035,-2.46849,0.44069,0.56993,0.21540,-0.77911,0.14757,
1403715328412143104,-1.21395,-2.44570,0.43927,0.57248,0.21469,-0.77780,0.14557,
1403715328462142976,-1.21607,-2.42329,0.43790,0.57381,0.21368,-0.77753,0.14330,
1403715328512142848,-1.21680,-2.40151,0.43640,0.57415,0.21216,-0.77804,0.14141,
1403715328562142976,-1.21607,-2.38030,0.43450,0.57200,0.21095,-0.78032,0.13935,
1403715328612143104,-1.21402,-2.35974,0.43209,0.56821,0.21156,-0.78324,0.13755,
1403715328712142848,-1.20680,-2.32304,0.42813,0.56019,0.21573,-0.78782,0.13779,
1403715328812143104,-1.19559,-2.29265,0.42388,0.55195,0.22456,-0.78956,0.14665,
1403715328912143104,-1.18280,-2.26706,0.42008,0.54680,0.23970,-0.78565,0.16222,
1403715329012142848,-1.16809,-2.24722,0.41635,0.54188,0.26176,-0.77778,0.18142,
1403715329112143104,-1.15239,-2.23103,0.41120,0.53431,0.28676,-0.76863,0.20371,
1403715329212142848,-1.13692,-2.21707,0.40446,0.52453,0.31362,-0.75897,0.22467,
1403715329312143104,-1.12324,-2.20418,0.39567,0.51473,0.33707,-0.75055,0.24105,
1403715329412143104,-1.10965,-2.19187,0.38376,0.50807,0.35243,-0.74389,0.25353,
1403715329562142976,-1.09081,-2.17746,0.36137,0.50072,0.36633,-0.73891,0.26285,
1403715329712142848,-1.07582,-2.16407,0.34338,0.50038,0.37177,-0.73558,0.26518,
1403715329862142976,-1.06436,-2.15663,0.32272,0.50312,0.37018,-0.73363,0.26763,
1403715330012142848,-1.05686,-2.15460,0.29972,0.50371,0.36865,-0.73322,0.26974,
1403715330162142976,-1.05060,-2.15294,0.26983,0.50157,0.37385,-0.73105,0.27247,
1403715330262142976,-1.04799,-2.15253,0.24847,-0.49913,-0.37903,0.73125,-0.26921,
1403715330362142976,-1.04612,-2.15350,0.22833,-0.49756,-0.38196,0.73191,-0.26618,
1403715330512142848,-1.04539,-2.15617,0.20844,-0.49767,-0.37986,0.73151,-0.27005,
1403715330762142976,-1.04241,-2.15742,0.23103,0.50182,0.36975,-0.72771,0.28619,
1403715330862142976,-1.04090,-2.15819,0.25181,-0.49620,-0.37194,0.72586,-0.29762,
1403715331012142848,-1.04070,-2.15613,0.28040,-0.48319,-0.38954,0.71688,-0.31761,
1403715331112143104,-1.04384,-2.15008,0.30032,-0.47190,-0.40681,0.70820,-0.33207,
1403715331212142848,-1.05401,-2.14334,0.32503,-0.46295,-0.42924,0.69757,-0.33887,
1403715331362142976,-1.07638,-2.12353,0.37018,-0.45959,-0.45768,0.68158,-0.33877,
1403715331412143104,-1.08594,-2.11617,0.38801,-0.45941,-0.46413,0.67752,-0.33837,
1403715331462142976,-1.09695,-2.10888,0.40602,-0.45913,-0.46805,0.67441,-0.33957,
1403715331512142848,-1.10750,-2.10194,0.42437,-0.45868,-0.47153,0.67202,-0.34008,
1403715331562142976,-1.11825,-2.09505,0.44244,-0.45843,-0.47368,0.66994,-0.34155,
1403715331612143104,-1.12948,-2.08829,0.45950,-0.45699,-0.47502,0.66921,-0.34304,
1403715331662142976,-1.14086,-2.08189,0.47614,-0.45772,-0.47621,0.66759,-0.34356,
1403715331712142848,-1.15300,-2.07540,0.49268,-0.46023,-0.47788,0.66541,-0.34211,
1403715331762142976,-1.16529,-2.06930,0.50830,-0.46218,-0.47963,0.66406,-0.33967,
1403715331812143104,-1.17824,-2.06359,0.52284,-0.46393,-0.47998,0.66333,-0.33820,
1403715331912143104,-1.20136,-2.05198,0.54834,-0.46558,-0.47808,0.66408,-0.33714,
1403715332012142848,-1.22359,-2.04141,0.56554,-0.46147,-0.47407,0.66951,-0.33774,
1403715332112143104,-1.24603,-2.03114,0.57083,-0.45892,-0.47079,0.67525,-0.33435,
1403715332262142976,-1.28045,-2.02144,0.56951,-0.45021,-0.45910,0.68507,-0.34238,
1403715332412143104,-1.32009,-2.01532,0.57348,-0.44395,-0.45813,0.68578,-0.35034,
1403715332512142848,-1.35184,-2.01353,0.57721,-0.43949,-0.46390,0.68536,-0.34918,
1403715332612143104,-1.38915,-2.01501,0.58152,-0.43838,-0.46816,0.68364,-0.34824,
1403715332662142976,-1.40962,-2.01713,0.58445,-0.43932,-0.46882,0.68195,-0.34951,
1403715332712142848,-1.43148,-2.01970,0.58783,-0.44077,-0.46982,0.67973,-0.35064,
1403715332762142976,-1.45422,-2.02300,0.59139,-0.44108,-0.47187,0.67808,-0.35071,
1403715332812143104,-1.47806,-2.02735,0.59492,-0.44202,-0.47478,0.67551,-0.35055,
1403715332862142976,-1.50226,-2.03385,0.59816,-0.44255,-0.47841,0.67271,-0.35034,
1403715332912143104,-1.52747,-2.04049,0.60218,-0.44673,-0.47991,0.66666,-0.35451,
1403715332962142976,-1.55344,-2.04828,0.60690,-0.45324,-0.48045,0.65822,-0.36122,
1403715333012142848,-1.58002,-2.05590,0.61197,-0.45939,-0.48103,0.64923,-0.36887,
1403715333062142976,-1.60663,-2.06244,0.61636,-0.46393,-0.48176,0.64139,-0.37589,
1403715333112143104,-1.63275,-2.06606,0.61946,-0.46733,-0.48278,0.63516,-0.38092,
1403715333162142976,-1.65908,-2.06936,0.62174,-0.46963,-0.48440,0.63038,-0.38396,
1403715333212142848,-1.68501,-2.07110,0.62275,-0.47064,-0.48613,0.62738,-0.38546,
1403715333262142976,-1.71053,-2.07106,0.62246,-0.46954,-0.48846,0.62646,-0.38534,
1403715333312143104,-1.73565,-2.06937,0.62117,-0.46714,-0.49099,0.62691,-0.38432,
1403715333362142976,-1.76044,-2.06620,0.61895,-0.46501,-0.49361,0.62778,-0.38212,
1403715333412143104,-1.78461,-2.06158,0.61619,-0.46242,-0.49597,0.62919,-0.37987,
1403715333462142976,-1.80838,-2.05548,0.61315,-0.46032,-0.49755,0.63045,-0.37825,
1403715333512142848,-1.83126,-2.04754,0.61029,-0.45954,-0.49777,0.63100,-0.37801,
1403715333562142976,-1.85423,-2.03947,0.60752,-0.45937,-0.49711,0.63109,-0.37893,
1403715333612143104,-1.87660,-2.03081,0.60406,-0.46032,-0.49677,0.63036,-0.37943,
1403715333662142976,-1.89853,-2.02114,0.59945,-0.45841,-0.49767,0.63160,-0.37852,
1403715333712142848,-1.92014,-2.01021,0.59415,-0.45486,-0.49949,0.63403,-0.37632,
1403715333762142976,-1.94211,-1.99886,0.58887,-0.44957,-0.50211,0.63775,-0.37289,
1403715333862142976,-1.98507,-1.97452,0.57922,-0.43928,-0.50851,0.64203,-0.36910,
1403715333912143104,-2.00639,-1.96262,0.57556,-0.43493,-0.51216,0.64200,-0.36928,
1403715333962142976,-2.02738,-1.95139,0.57295,-0.43228,-0.51638,0.63991,-0.37012,
1403715334012142848,-2.04815,-1.94099,0.57130,-0.42932,-0.52008,0.63721,-0.37304,
1403715334062142976,-2.06879,-1.93152,0.57010,-0.42573,-0.52401,0.63452,-0.37623,
1403715334112143104,-2.08973,-1.92250,0.56973,-0.42267,-0.52756,0.63183,-0.37923,
1403715334162142976,-2.11052,-1.91417,0.56957,-0.41984,-0.53148,0.62924,-0.38121,
1403715334212142848,-2.13249,-1.90661,0.57023,-0.41692,-0.53451,0.62739,-0.38321,
1403715334262142976,-2.15475,-1.89946,0.57117,-0.41438,-0.53723,0.62592,-0.38457,
1403715334312143104,-2.17759,-1.89306,0.57234,-0.41313,-0.53924,0.62407,-0.38609,
1403715334362142976,-2.20029,-1.88850,0.57276,-0.41200,-0.54123,0.62263,-0.38685,
1403715334412143104,-2.22404,-1.88307,0.57349,-0.41161,-0.54254,0.62127,-0.38762,
1403715334512142848,-2.27247,-1.87467,0.57518,-0.41108,-0.54412,0.61925,-0.38920,
1403715334562142976,-2.29729,-1.87119,0.57594,-0.41201,-0.54458,0.61770,-0.39004,
1403715334612143104,-2.32233,-1.86803,0.57621,-0.41269,-0.54595,0.61623,-0.38973,
1403715334662142976,-2.34761,-1.86539,0.57635,-0.41378,-0.54752,0.61486,-0.38853,
1403715334712142848,-2.37289,-1.86324,0.57639,-0.41469,-0.54793,0.61394,-0.38844,
1403715334762142976,-2.39782,-1.86320,0.57670,-0.41562,-0.54828,0.61319,-0.38813,
1403715334812143104,-2.42289,-1.86236,0.57677,-0.41630,-0.54871,0.61285,-0.38734,
1403715334862142976,-2.44794,-1.86215,0.57617,-0.41737,-0.54887,0.61227,-0.38686,
1403715334912143104,-2.47302,-1.86221,0.57544,-0.41800,-0.54896,0.61202,-0.38646,
1403715334962142976,-2.49781,-1.86319,0.57441,-0.41830,-0.54932,0.61223,-0.38529,
1403715335012142848,-2.52223,-1.86392,0.57318,-0.41865,-0.54938,0.61193,-0.38531,
1403715335112143104,-2.56938,-1.86685,0.57077,-0.41797,-0.55104,0.61108,-0.38501,
1403715335162142976,-2.59288,-1.86901,0.56909,-0.41826,-0.55189,0.61030,-0.38472,
1403715335212142848,-2.61573,-1.87219,0.56754,-0.41793,-0.55231,0.61021,-0.38461,
1403715335262142976,-2.63783,-1.87521,0.56561,-0.41770,-0.55365,0.60926,-0.38444,
1403715335312143104,-2.66010,-1.88114,0.56491,-0.41692,-0.55537,0.60779,-0.38514,
1403715335362142976,-2.68158,-1.88599,0.56358,-0.41569,-0.55754,0.60568,-0.38665,
1403715335412143104,-2.70299,-1.89343,0.56297,-0.41422,-0.56036,0.60285,-0.38857,
1403715335512142848,-2.74347,-1.90721,0.56050,-0.40917,-0.56495,0.59883,-0.39346,
1403715335562142976,-2.76323,-1.91423,0.55896,-0.40640,-0.56579,0.59759,-0.39700,
1403715335612143104,-2.78258,-1.92180,0.55754,-0.40370,-0.56712,0.59619,-0.39995,
1403715335662142976,-2.80159,-1.92967,0.55610,-0.40075,-0.56912,0.59407,-0.40322,
1403715335712142848,-2.82025,-1.93821,0.55460,-0.39817,-0.57307,0.59082,-0.40495,
1403715335762142976,-2.83947,-1.94655,0.55380,-0.39574,-0.57688,0.58683,-0.40771,
1403715335862142976,-2.87716,-1.96580,0.55009,0.39177,0.58373,-0.57950,0.41226,
1403715335912143104,-2.89616,-1.97540,0.54848,0.39016,0.58683,-0.57618,0.41403,
1403715335962142976,-2.91467,-1.98570,0.54686,0.38924,0.58837,-0.57266,0.41758,
1403715336012142848,-2.93413,-1.99497,0.54541,0.38960,0.59054,-0.56859,0.41973,
1403715336062142976,-2.95279,-2.00553,0.54407,0.39024,0.59118,-0.56508,0.42296,
1403715336112143104,-2.97160,-2.01553,0.54289,0.39099,0.59107,-0.56201,0.42651,
1403715336162142976,-2.99045,-2.02569,0.54165,0.39287,0.59118,-0.55862,0.42908,
1403715336212142848,-3.00878,-2.03575,0.54044,0.39377,0.59052,-0.55625,0.43222,
1403715336262142976,-3.02678,-2.04539,0.53833,0.39268,0.59079,-0.55543,0.43389,
1403715336312143104,-3.04483,-2.05462,0.53596,0.39100,0.59257,-0.55543,0.43299,
1403715336362142976,-3.06307,-2.06330,0.53351,0.38809,0.59509,-0.55607,0.43133,
1403715336412143104,-3.08137,-2.07143,0.53125,0.38625,0.59736,-0.55645,0.42934,
1403715336512142848,-3.11703,-2.08832,0.52854,0.38442,0.60101,-0.55633,0.42603,
1403715336612143104,-3.15073,-2.10559,0.52729,0.38398,0.60108,-0.55642,0.42620,
1403715336712142848,-3.18314,-2.12353,0.52671,0.38447,0.60099,-0.55672,0.42552,
1403715336812143104,-3.21447,-2.14266,0.52766,0.38571,0.60084,-0.55658,0.42479,
1403715336912143104,-3.24439,-2.16301,0.53105,0.38697,0.60045,-0.55608,0.42484,
1403715337012142848,-3.27227,-2.18415,0.53747,0.38869,0.60069,-0.55478,0.42462,
1403715337112143104,-3.29781,-2.20472,0.54637,0.38609,0.60440,-0.55255,0.42464,
1403715337212142848,-3.32025,-2.22525,0.55533,0.37988,0.61211,-0.54755,0.42567,
1403715337312143104,-3.33908,-2.24826,0.56404,0.36822,0.61997,-0.54221,0.43135,
1403715337412143104,-3.35695,-2.27385,0.57101,0.35579,0.62652,-0.53779,0.43780,
1403715337512142848,-3.37570,-2.30184,0.57850,0.34548,0.62823,-0.53448,0.44754,
1403715337612143104,-3.39671,-2.33323,0.58579,0.34208,0.62995,-0.52935,0.45380,
1403715337662142976,-3.40818,-2.34969,0.58969,0.34338,0.63126,-0.52572,0.45521,
1403715337712142848,-3.41957,-2.36679,0.59263,0.34449,0.63288,-0.52276,0.45554,
1403715337762142976,-3.43180,-2.38442,0.59590,0.34516,0.63403,-0.52075,0.45572,
1403715337812143104,-3.44420,-2.40236,0.59916,0.34623,0.63444,-0.51932,0.45598,
1403715337862142976,-3.45699,-2.42066,0.60247,0.34783,0.63442,-0.51835,0.45590,
1403715337912143104,-3.46958,-2.43959,0.60631,0.35000,0.63471,-0.51753,0.45476,
1403715337962142976,-3.48228,-2.45834,0.60966,0.35203,0.63459,-0.51726,0.45366,
1403715338012142848,-3.49484,-2.47670,0.61306,0.35342,0.63335,-0.51791,0.45358,
1403715338062142976,-3.50768,-2.49509,0.61638,0.35415,0.63156,-0.51935,0.45385,
1403715338112143104,-3.51971,-2.51284,0.61944,0.35476,0.62956,-0.52093,0.45435,
1403715338162142976,-3.53209,-2.53084,0.62244,0.35491,0.62868,-0.52149,0.45481,
1403715338212142848,-3.54466,-2.54925,0.62473,0.35426,0.62816,-0.52178,0.45570,
1403715338262142976,-3.55629,-2.56754,0.62684,0.35285,0.62793,-0.52157,0.45734,
1403715338312143104,-3.56811,-2.58637,0.62859,0.35039,0.62859,-0.52108,0.45888,
1403715338362142976,-3.57971,-2.60474,0.63072,0.34665,0.62965,-0.52030,0.46116,
1403715338412143104,-3.59166,-2.62294,0.63316,0.34333,0.63165,-0.51749,0.46405,
1403715338462142976,-3.60413,-2.64111,0.63584,0.33966,0.63449,-0.51395,0.46680,
1403715338512142848,-3.61697,-2.65980,0.63869,0.33526,0.63830,-0.50972,0.46943,
1403715338562142976,-3.63023,-2.67842,0.64223,0.33239,0.64287,-0.50338,0.47207,
1403715338612143104,-3.64367,-2.69726,0.64638,0.32955,0.64805,-0.49615,0.47463,
1403715338662142976,-3.65787,-2.71568,0.65057,0.32633,0.65353,-0.48814,0.47763,
1403715338712142848,-3.67260,-2.73385,0.65458,0.32293,0.65922,-0.47997,0.48038,
1403715338762142976,-3.68745,-2.75188,0.65860,0.31842,0.66466,-0.47281,0.48299,
1403715338812143104,-3.70258,-2.76965,0.66241,0.31519,0.67025,-0.46610,0.48391,
1403715338862142976,-3.71808,-2.78776,0.66618,0.31199,0.67427,-0.46074,0.48552,
1403715338912143104,-3.73382,-2.80586,0.66959,0.30871,0.67803,-0.45664,0.48627,
1403715338962142976,-3.74991,-2.82383,0.67246,0.30677,0.68211,-0.45237,0.48578,
1403715339012142848,-3.76596,-2.84187,0.67453,0.30432,0.68555,-0.44953,0.48512,
1403715339062142976,-3.78199,-2.85995,0.67631,0.30215,0.68863,-0.44731,0.48416,
1403715339112143104,-3.79796,-2.87849,0.67746,0.30181,0.69153,-0.44452,0.48280,
1403715339162142976,-3.81346,-2.89751,0.67839,0.30248,0.69396,-0.44143,0.48174,
1403715339212142848,-3.82852,-2.91668,0.67832,0.30387,0.69618,-0.43857,0.48027,
1403715339262142976,-3.84316,-2.93660,0.67805,0.30419,0.69706,-0.43684,0.48035,
1403715339312143104,-3.85689,-2.95650,0.67754,0.30342,0.69616,-0.43630,0.48264,
1403715339362142976,-3.87002,-2.97691,0.67661,0.30314,0.69472,-0.43597,0.48517,
1403715339412143104,-3.88281,-2.99729,0.67509,0.30229,0.69320,-0.43656,0.48735,
1403715339462142976,-3.89548,-3.01729,0.67284,0.30195,0.69191,-0.43733,0.48870,
1403715339512142848,-3.90789,-3.03741,0.67023,0.30267,0.69023,-0.43789,0.49013,
1403715339562142976,-3.92022,-3.05689,0.66620,0.30201,0.68909,-0.43957,0.49064,
1403715339612143104,-3.93228,-3.07616,0.66149,0.30154,0.68959,-0.44158,0.48841,
1403715339662142976,-3.94433,-3.09509,0.65637,0.30355,0.69025,-0.44239,0.48549,
1403715339712142848,-3.95603,-3.11415,0.65095,0.30736,0.69176,-0.44187,0.48141,
1403715339762142976,-3.96739,-3.13366,0.64547,0.31328,0.69243,-0.44018,0.47816,
1403715339812143104,-3.97787,-3.15327,0.63948,0.31963,0.69338,-0.43812,0.47445,
1403715339862142976,-3.98729,-3.17247,0.63344,0.32552,0.69404,-0.43571,0.47169,
1403715339912143104,-3.99531,-3.19101,0.62739,0.32993,0.69530,-0.43228,0.46993,
1403715339962142976,-4.00127,-3.20957,0.62117,0.33242,0.69783,-0.42807,0.46827,
1403715340062142976,-4.00644,-3.24317,0.61081,0.33314,0.70467,-0.41692,0.46758,
1403715340162142976,-4.00180,-3.27230,0.60598,0.32435,0.71136,-0.40550,0.47364,
1403715340262142976,-3.98710,-3.29567,0.60762,0.30637,0.71747,-0.39444,0.48558,
1403715340362142976,-3.96388,-3.31534,0.61690,0.28351,0.72515,-0.37993,0.49943,
1403715340462142976,-3.93719,-3.33203,0.63210,0.26167,0.73544,-0.36218,0.50939,
1403715340562142976,-3.90980,-3.34693,0.64759,0.24232,0.74456,-0.34936,0.51465,
1403715340662142976,-3.88234,-3.36377,0.65995,0.22840,0.75043,-0.33984,0.51884,
1403715340762142976,-3.85448,-3.38219,0.66866,0.21969,0.75450,-0.33444,0.52021,
1403715340862142976,-3.82638,-3.40242,0.67683,0.21259,0.75567,-0.33439,0.52149,
1403715340962142976,-3.79856,-3.42534,0.68451,0.20617,0.75447,-0.33865,0.52305,
1403715341062142976,-3.77174,-3.45282,0.69257,0.20502,0.75274,-0.34282,0.52329,
1403715341112143104,-3.75880,-3.46871,0.69701,0.20920,0.75171,-0.34259,0.52326,
1403715341162142976,-3.74617,-3.48564,0.70157,0.21575,0.75096,-0.34088,0.52279,
1403715341212142848,-3.73359,-3.50342,0.70635,0.21975,0.74726,-0.34159,0.52596,
1403715341262142976,-3.72131,-3.52204,0.71114,0.22318,0.74405,-0.34297,0.52816,
1403715341312143104,-3.70960,-3.54118,0.71610,0.22799,0.74120,-0.34362,0.52969,
1403715341362142976,-3.69882,-3.55984,0.72112,0.23370,0.73848,-0.34359,0.53101,
1403715341412143104,-3.68850,-3.57843,0.72615,0.23804,0.73590,-0.34457,0.53203,
1403715341462142976,-3.67879,-3.59685,0.73093,0.24284,0.73523,-0.34486,0.53060,
1403715341512142848,-3.66951,-3.61493,0.73595,0.24569,0.73482,-0.34640,0.52886,
1403715341562142976,-3.66065,-3.63266,0.74093,0.25078,0.73519,-0.34596,0.52622,
1403715341612143104,-3.65186,-3.65015,0.74576,0.25621,0.73449,-0.34443,0.52560,
1403715341712142848,-3.63374,-3.68344,0.75506,0.26864,0.73286,-0.33990,0.52461,
1403715341812143104,-3.61430,-3.71098,0.76139,0.27540,0.73481,-0.33775,0.51975,
1403715341912143104,-3.59130,-3.73152,0.76620,0.27489,0.73660,-0.33832,0.51710,
1403715342012142848,-3.56558,-3.74536,0.77012,0.26240,0.73695,-0.34542,0.51840,
1403715342112143104,-3.53964,-3.75444,0.77358,0.25088,0.74013,-0.35064,0.51606,
1403715342212142848,-3.51282,-3.76268,0.77710,0.23893,0.74279,-0.35583,0.51435,
1403715342312143104,-3.48447,-3.77478,0.77944,0.23181,0.74404,-0.35645,0.51537,
1403715342412143104,-3.45544,-3.78918,0.77993,0.22755,0.74872,-0.34895,0.51563,
1403715342512142848,-3.42544,-3.80629,0.77930,0.22021,0.75699,-0.33677,0.51484,
1403715342612143104,-3.39408,-3.82626,0.77905,0.22032,0.76592,-0.31588,0.51483,
1403715342712142848,-3.35955,-3.84723,0.78003,0.22322,0.77229,-0.29050,0.51898,
1403715342762142976,-3.34065,-3.85710,0.77978,0.22019,0.77489,-0.28161,0.52131,
1403715342812143104,-3.32114,-3.86519,0.77955,0.21304,0.77644,-0.27683,0.52452,
1403715342862142976,-3.30059,-3.87333,0.77996,0.20704,0.77677,-0.27263,0.52862,
1403715342912143104,-3.27921,-3.88131,0.77970,0.20070,0.77715,-0.27025,0.53172,
1403715342962142976,-3.25659,-3.88982,0.77996,0.19616,0.77637,-0.26791,0.53572,
1403715343012142848,-3.23345,-3.89823,0.77960,0.19281,0.77546,-0.26595,0.53921,
1403715343062142976,-3.21013,-3.90711,0.77832,0.18920,0.77469,-0.26491,0.54211,
1403715343112143104,-3.18661,-3.91615,0.77697,0.18830,0.77483,-0.26260,0.54334,
1403715343162142976,-3.16320,-3.92563,0.77555,0.18620,0.77536,-0.26137,0.54391,
1403715343212142848,-3.14000,-3.93556,0.77421,0.18466,0.77503,-0.25994,0.54559,
1403715343262142976,-3.11739,-3.94525,0.77170,0.18313,0.77644,-0.25913,0.54448,
1403715343312143104,-3.09490,-3.95474,0.76842,0.18171,0.77774,-0.25889,0.54321,
1403715343362142976,-3.07270,-3.96426,0.76482,0.18034,0.77943,-0.25924,0.54108,
1403715343412143104,-3.05062,-3.97369,0.76122,0.18082,0.78167,-0.25857,0.53800,
1403715343462142976,-3.02832,-3.98295,0.75752,0.18202,0.78287,-0.25800,0.53612,
1403715343512142848,-3.00527,-3.99247,0.75389,0.18195,0.78323,-0.25877,0.53524,
1403715343562142976,-2.98155,-4.00153,0.75019,0.18325,0.78357,-0.25892,0.53422,
1403715343612143104,-2.95671,-4.01060,0.74687,0.18419,0.78344,-0.25955,0.53379,
1403715343662142976,-2.93159,-4.02005,0.74363,0.18628,0.78314,-0.25942,0.53357,
1403715343712142848,-2.90572,-4.03031,0.74136,0.18882,0.78255,-0.25892,0.53378,
1403715343762142976,-2.87925,-4.04017,0.73958,0.19302,0.78141,-0.25749,0.53464,
1403715343812143104,-2.85207,-4.04995,0.73841,0.19613,0.77914,-0.25664,0.53723,
1403715343862142976,-2.82438,-4.05954,0.73698,0.19749,0.77823,-0.25673,0.53801,
1403715343912143104,-2.79615,-4.06849,0.73598,0.19784,0.77714,-0.25671,0.53946,
1403715344012142848,-2.73780,-4.08333,0.73428,0.19434,0.77647,-0.25427,0.54284,
1403715344062142976,-2.70809,-4.08911,0.73344,0.19149,0.77624,-0.25077,0.54580,
1403715344162142976,-2.64749,-4.09869,0.73193,0.18295,0.77764,-0.24012,0.55149,
1403715344212142848,-2.61719,-4.10238,0.73077,0.18040,0.77943,-0.23185,0.55334,
1403715344262142976,-2.58712,-4.10562,0.72995,0.17981,0.78043,-0.22282,0.55583,
1403715344312143104,-2.55747,-4.10914,0.72928,0.18080,0.78112,-0.21314,0.55832,
1403715344362142976,-2.52818,-4.10982,0.72833,0.18171,0.78106,-0.20466,0.56129,
1403715344412143104,-2.49870,-4.10952,0.72710,0.18292,0.78039,-0.19634,0.56478,
1403715344462142976,-2.47004,-4.10705,0.72534,0.18284,0.78011,-0.19002,0.56735,
1403715344512142848,-2.44209,-4.10331,0.72343,0.18396,0.77997,-0.18356,0.56930,
1403715344562142976,-2.41425,-4.09706,0.72065,0.18282,0.78034,-0.17924,0.57054,
1403715344712142848,-2.33255,-4.06508,0.70670,0.17708,0.78917,-0.17248,0.56223,
1403715344762142976,-2.30558,-4.05006,0.70169,0.17504,0.79253,-0.17152,0.55843,
1403715344812143104,-2.27847,-4.03294,0.69687,0.17337,0.79456,-0.17056,0.55636,
1403715344862142976,-2.25092,-4.01392,0.69191,0.17217,0.79591,-0.16986,0.55501,
1403715344912143104,-2.22323,-3.99327,0.68758,0.17062,0.79694,-0.16953,0.55411,
1403715345012142848,-2.16761,-3.94588,0.67980,0.16242,0.79426,-0.17346,0.55918,
1403715345062142976,-2.13884,-3.91991,0.67630,0.15787,0.79170,-0.17618,0.56325,
1403715345112143104,-2.11063,-3.89201,0.67354,0.15422,0.78913,-0.17852,0.56712,
1403715345162142976,-2.08279,-3.86380,0.67008,0.15122,0.78785,-0.18069,0.56901,
1403715345212142848,-2.05550,-3.83524,0.66631,0.14844,0.78764,-0.18289,0.56933,
1403715345262142976,-2.02868,-3.80603,0.66222,0.14782,0.78837,-0.18351,0.56829,
1403715345312143104,-2.00288,-3.77603,0.65793,0.14616,0.78844,-0.18503,0.56813,
1403715345362142976,-1.97791,-3.74542,0.65377,0.14545,0.78887,-0.18567,0.56749,
1403715345412143104,-1.95416,-3.71411,0.64978,0.14461,0.78937,-0.18631,0.56681,
1403715345462142976,-1.93015,-3.68201,0.64546,0.14326,0.78961,-0.18702,0.56659,
1403715345512142848,-1.90606,-3.64918,0.64109,0.14403,0.78991,-0.18640,0.56618,
1403715345562142976,-1.88307,-3.61604,0.63668,0.14333,0.78951,-0.18650,0.56687,
1403715345612143104,-1.86035,-3.58228,0.63215,0.14224,0.78933,-0.18685,0.56729,
1403715345662142976,-1.83824,-3.54812,0.62799,0.14147,0.78916,-0.18691,0.56769,
1403715345712142848,-1.81695,-3.51394,0.62345,0.14044,0.78906,-0.18729,0.56796,
1403715345762142976,-1.79613,-3.47954,0.61869,0.13955,0.78887,-0.18772,0.56831,
1403715345812143104,-1.77604,-3.44531,0.61365,0.13867,0.78900,-0.18811,0.56821,
1403715345862142976,-1.75699,-3.41058,0.60845,0.13743,0.78995,-0.18878,0.56697,
1403715345912143104,-1.73794,-3.37573,0.60225,0.13648,0.79351,-0.18970,0.56189,
1403715345962142976,-1.71933,-3.34088,0.59623,0.13503,0.79844,-0.19084,0.55483,
1403715346012142848,-1.70105,-3.30636,0.59132,0.13332,0.80227,-0.19235,0.54917,
1403715346062142976,-1.68220,-3.27218,0.58660,0.13089,0.80592,-0.19451,0.54363,
1403715346112143104,-1.66258,-3.23929,0.58231,0.13010,0.80807,-0.19580,0.54014,
1403715346162142976,-1.64203,-3.20638,0.57974,0.12970,0.80889,-0.19655,0.53874,
1403715346212142848,-1.62084,-3.17449,0.57852,0.12997,0.80734,-0.19700,0.54084,
1403715346262142976,-1.59844,-3.14328,0.57762,0.13097,0.80496,-0.19705,0.54410,
1403715346312143104,-1.57579,-3.11266,0.57706,0.13163,0.80252,-0.19801,0.54721,
1403715346362142976,-1.55225,-3.08248,0.57656,0.13270,0.80033,-0.19833,0.55002,
1403715346412143104,-1.52897,-3.05236,0.57765,0.13367,0.79763,-0.19926,0.55337,
1403715346462142976,-1.50575,-3.02329,0.57837,0.13493,0.79494,-0.20021,0.55658,
1403715346512142848,-1.48240,-2.99464,0.57910,0.13522,0.79230,-0.20191,0.55965,
1403715346562142976,-1.45970,-2.96627,0.58001,0.13521,0.79048,-0.20414,0.56142,
1403715346612143104,-1.43717,-2.93830,0.58068,0.13474,0.78827,-0.20732,0.56346,
1403715346662142976,-1.41551,-2.91087,0.58114,0.13530,0.78694,-0.21018,0.56413,
1403715346712142848,-1.39493,-2.88352,0.58286,0.13633,0.78501,-0.21273,0.56561,
1403715346762142976,-1.37516,-2.85680,0.58371,0.13692,0.78380,-0.21542,0.56613,
1403715346812143104,-1.35632,-2.83050,0.58454,0.13776,0.78332,-0.21813,0.56556,
1403715346862142976,-1.33807,-2.80488,0.58517,0.13967,0.78388,-0.21989,0.56363,
1403715346912143104,-1.32065,-2.77979,0.58544,0.13861,0.78442,-0.22362,0.56166,
1403715346962142976,-1.30367,-2.75530,0.58516,0.13730,0.78552,-0.22749,0.55889,
1403715347012142848,-1.28718,-2.73159,0.58592,0.13609,0.78663,-0.23084,0.55624,
1403715347062142976,-1.27192,-2.70934,0.58673,0.13548,0.78802,-0.23342,0.55335,
1403715347112143104,-1.25700,-2.68835,0.58850,0.13756,0.78927,-0.23218,0.55156,
1403715347312143104,-1.19698,-2.61104,0.60081,0.14066,0.79485,-0.20719,0.55272,
1403715347412143104,-1.16593,-2.57388,0.60908,0.13859,0.79719,-0.18500,0.55772,
1403715347462142976,-1.15054,-2.55455,0.61360,0.13578,0.79891,-0.17364,0.55960,
1403715347562142976,-1.11949,-2.51421,0.62424,0.13223,0.80106,-0.15309,0.56336,
1403715347662142976,-1.08853,-2.47056,0.63346,0.12704,0.80132,-0.13914,0.56779,
1403715347712142848,-1.07358,-2.44761,0.63791,0.12074,0.80088,-0.13691,0.57032,
1403715347762142976,-1.05826,-2.42401,0.64212,0.11327,0.80094,-0.13642,0.57189,
1403715347812143104,-1.04331,-2.39945,0.64563,0.10653,0.80117,-0.13464,0.57328,
1403715347862142976,-1.02862,-2.37456,0.64894,0.09786,0.80156,-0.13297,0.57467,
1403715347912143104,-1.01479,-2.34954,0.65227,0.08875,0.80207,-0.13011,0.57608,
1403715347962142976,-1.00147,-2.32473,0.65447,0.07707,0.80247,-0.12791,0.57770,
1403715348062142976,-0.97652,-2.27694,0.66012,0.05315,0.80412,-0.11883,0.58004,
1403715348112143104,-0.96512,-2.25420,0.66349,0.04327,0.80507,-0.11019,0.58125,
1403715348162142976,-0.95472,-2.23261,0.66612,0.03366,0.80734,-0.10003,0.58058,
1403715348212142848,-0.94538,-2.21210,0.66867,0.02439,0.80916,-0.08846,0.58038,
1403715348262142976,-0.93573,-2.19260,0.67018,0.01654,0.81213,-0.07544,0.57835,
1403715348362142976,-0.91785,-2.15922,0.67200,0.00272,0.81695,-0.05124,0.57442,
1403715348462142976,-0.90051,-2.13366,0.66709,-0.00679,0.82122,-0.03351,0.56958,
1403715348562142976,-0.88101,-2.11445,0.65025,-0.01274,0.82341,-0.02231,0.56686,
1403715348662142976,-0.85963,-2.10022,0.62430,-0.02101,0.82097,-0.01848,0.57029,
1403715348762142976,-0.83860,-2.09154,0.59034,-0.02921,0.81910,-0.01735,0.57264,
1403715348862142976,-0.81766,-2.08936,0.55650,-0.03614,0.81728,-0.01189,0.57498,
1403715348962142976,-0.79939,-2.09318,0.52567,-0.04189,0.81660,-0.00504,0.57566,
1403715349062142976,-0.77897,-2.10672,0.49769,-0.04244,0.81517,0.00388,0.57765,
1403715349162142976,-0.76017,-2.12671,0.47261,-0.04164,0.81308,0.01513,0.58046,
1403715349262142976,-0.74181,-2.15166,0.44881,-0.04282,0.80985,0.02405,0.58458,
1403715349412143104,-0.71880,-2.19706,0.41470,-0.04361,0.80488,0.03303,0.59091,
1403715349462142976,-0.71285,-2.21389,0.40272,-0.04167,0.80428,0.03548,0.59172,
1403715349512142848,-0.70769,-2.23110,0.39059,-0.03896,0.80374,0.03798,0.59249,
1403715349562142976,-0.70379,-2.24848,0.37769,-0.03717,0.80477,0.04090,0.59100,
1403715349612143104,-0.70069,-2.26575,0.36430,-0.03694,0.80574,0.04455,0.58944,
1403715349662142976,-0.69876,-2.28283,0.35119,-0.03866,0.80665,0.04834,0.58778,
1403715349712142848,-0.69778,-2.29948,0.33814,-0.04224,0.80801,0.05265,0.58529,
1403715349762142976,-0.69714,-2.31604,0.32645,-0.04698,0.80877,0.05774,0.58340,
1403715349862142976,-0.69730,-2.34835,0.30487,-0.06120,0.80986,0.06860,0.57938,
1403715349962142976,-0.70028,-2.38081,0.28634,-0.07395,0.80915,0.08461,0.57676,
1403715350062142976,-0.70445,-2.41552,0.26879,-0.08248,0.80825,0.10167,0.57411,
1403715350112143104,-0.70701,-2.43374,0.25931,-0.08407,0.81004,0.10955,0.56988,
1403715350162142976,-0.70964,-2.45275,0.25020,-0.08645,0.81200,0.11516,0.56562,
1403715350212142848,-0.71190,-2.47178,0.24106,-0.08648,0.81394,0.12078,0.56163,
1403715350262142976,-0.71441,-2.49075,0.23164,-0.08421,0.81716,0.12664,0.55599,
1403715350312143104,-0.71623,-2.50953,0.22195,-0.08114,0.81968,0.13180,0.55151,
1403715350362142976,-0.71792,-2.52762,0.21245,-0.07829,0.82205,0.13550,0.54749,
1403715350562142976,-0.71140,-2.58387,0.17426,-0.06296,0.82586,0.14525,0.54120,
1403715350662142976,-0.70007,-2.60050,0.15628,-0.06301,0.82604,0.14225,0.54172,
1403715350762142976,-0.68383,-2.60948,0.13998,-0.06779,0.82601,0.13661,0.54263,
1403715350862142976,-0.66236,-2.61282,0.12657,-0.06927,0.82378,0.13513,0.54619,
1403715350962142976,-0.63647,-2.61083,0.11590,-0.06542,0.82061,0.13855,0.55056,
1403715351062142976,-0.60893,-2.60154,0.10720,-0.06415,0.81926,0.14098,0.55210,
1403715351162142976,-0.57975,-2.58439,0.10121,-0.06571,0.81888,0.14102,0.55248,
1403715351262142976,-0.54883,-2.56091,0.09651,-0.06907,0.81945,0.14027,0.55142,
1403715351312143104,-0.53229,-2.54646,0.09581,-0.07199,0.81721,0.13899,0.55468,
1403715351362142976,-0.51560,-2.53088,0.09513,-0.07308,0.81513,0.13859,0.55769,
1403715351412143104,-0.49851,-2.51386,0.09506,-0.07461,0.81282,0.13771,0.56107,
1403715351462142976,-0.48144,-2.49607,0.09540,-0.07434,0.81101,0.13779,0.56370,
1403715351512142848,-0.46442,-2.47676,0.09581,-0.07399,0.80969,0.13764,0.56567,
1403715351562142976,-0.44743,-2.45633,0.09723,-0.07391,0.80646,0.13731,0.57035,
1403715351612143104,-0.43106,-2.43488,0.09949,-0.07354,0.80172,0.13707,0.57710,
1403715351662142976,-0.41567,-2.41231,0.10171,-0.07359,0.79933,0.13770,0.58025,
1403715351762142976,-0.38793,-2.36327,0.10588,-0.07565,0.79949,0.14251,0.57860,
1403715351812143104,-0.37576,-2.33687,0.10841,-0.08082,0.79990,0.14504,0.57670,
1403715351862142976,-0.36424,-2.30896,0.11095,-0.08762,0.80064,0.14806,0.57392,
1403715351912143104,-0.35348,-2.28033,0.11364,-0.09492,0.80088,0.15205,0.57137,
1403715351962142976,-0.34322,-2.25137,0.11668,-0.10414,0.80130,0.15581,0.56815,
1403715352012142848,-0.33320,-2.22160,0.12059,-0.11303,0.80119,0.16079,0.56521,
1403715352062142976,-0.32386,-2.19206,0.12521,-0.12153,0.80106,0.16631,0.56203,
1403715352112143104,-0.31460,-2.16299,0.13120,-0.12743,0.80051,0.17250,0.55963,
1403715352162142976,-0.30710,-2.13505,0.13769,-0.13419,0.79974,0.17694,0.55776,
1403715352212142848,-0.29952,-2.10732,0.14443,-0.14045,0.79887,0.18019,0.55643,
1403715352262142976,-0.29038,-2.08008,0.14996,-0.14422,0.79878,0.18354,0.55450,
1403715352312143104,-0.28068,-2.05305,0.15494,-0.14707,0.79932,0.18661,0.55194,
1403715352362142976,-0.27099,-2.02700,0.15966,-0.14949,0.79926,0.18890,0.55060,
1403715352412143104,-0.26097,-2.00132,0.16363,-0.15482,0.79944,0.18811,0.54913,
1403715352462142976,-0.25052,-1.97642,0.16700,-0.16310,0.79988,0.18462,0.54727,
1403715352512142848,-0.23903,-1.95241,0.17030,-0.17003,0.79935,0.18166,0.54692,
1403715352562142976,-0.22722,-1.93026,0.17344,-0.17236,0.79834,0.18181,0.54762,
1403715352612143104,-0.21410,-1.90918,0.17595,-0.16957,0.79666,0.18508,0.54983,
1403715352662142976,-0.20063,-1.88940,0.17764,-0.16648,0.79538,0.18837,0.55151,
1403715352712142848,-0.18683,-1.87074,0.17983,-0.16405,0.79327,0.19062,0.55450,
1403715352762142976,-0.17332,-1.85334,0.18229,-0.16027,0.79068,0.19368,0.55824,
1403715352812143104,-0.16081,-1.83722,0.18511,-0.15824,0.78785,0.19548,0.56217,
1403715352862142976,-0.14800,-1.82123,0.18678,-0.15603,0.78583,0.19748,0.56492,
1403715352962142976,-0.12474,-1.79174,0.19016,-0.15418,0.78410,0.19924,0.56720,
1403715353062142976,-0.10445,-1.76451,0.19410,-0.15733,0.78382,0.19791,0.56719,
1403715353162142976,-0.08714,-1.74042,0.20225,-0.15628,0.78487,0.20069,0.56504,
1403715353262142976,-0.07215,-1.71902,0.21944,-0.15639,0.78511,0.20346,0.56369,
1403715353362142976,-0.05956,-1.70022,0.24552,-0.15742,0.78607,0.20644,0.56097,
1403715353462142976,-0.04933,-1.68353,0.26795,-0.15654,0.78574,0.21185,0.55967,
1403715353562142976,-0.03979,-1.66722,0.27600,-0.15604,0.78582,0.21603,0.55810,
1403715353712142848,-0.02814,-1.64352,0.26473,-0.15581,0.78454,0.22183,0.55768,
1403715353812143104,-0.02265,-1.62750,0.25068,-0.15550,0.78296,0.22581,0.55839,
1403715353912143104,-0.01869,-1.61058,0.23444,-0.15676,0.78172,0.22804,0.55887,
1403715354062142976,-0.01695,-1.58546,0.20539,-0.16117,0.78394,0.22887,0.55415,
1403715354162142976,-0.01762,-1.56908,0.18556,-0.17394,0.78767,0.22210,0.54771,
1403715354262142976,-0.01703,-1.55485,0.16612,-0.18067,0.79073,0.21908,0.54232,
1403715354362142976,-0.01342,-1.54391,0.14876,-0.17693,0.79156,0.22287,0.54080,
1403715354512142848,-0.00309,-1.53087,0.12454,-0.16548,0.79145,0.23211,0.54069,
1403715354662142976,0.01099,-1.51767,0.10949,-0.16424,0.79062,0.23284,0.54197,
1403715354812143104,0.03032,-1.50431,0.11999,-0.16543,0.79112,0.23086,0.54173,
1403715354912143104,0.04428,-1.49551,0.14112,-0.16846,0.79077,0.22900,0.54209,
1403715355012142848,0.05921,-1.48679,0.17007,-0.17462,0.78944,0.22660,0.54309,
1403715355112143104,0.07560,-1.48011,0.19837,-0.17458,0.78853,0.22967,0.54314,
1403715355212142848,0.09264,-1.47385,0.22348,-0.17808,0.78703,0.23812,0.54053,
1403715355312143104,0.11005,-1.46777,0.24576,-0.18326,0.78321,0.25333,0.53742,
1403715355412143104,0.12827,-1.46106,0.26662,-0.19267,0.77730,0.27126,0.53395,
1403715355512142848,0.14703,-1.45381,0.28753,-0.20776,0.76922,0.28875,0.53082,
1403715355612143104,0.16461,-1.44732,0.30771,-0.22226,0.76090,0.30741,0.52643,
1403715355712142848,0.18318,-1.44129,0.32503,-0.23159,0.75308,0.32562,0.52269,
1403715355812143104,0.20218,-1.43700,0.34024,-0.23648,0.74799,0.33904,0.51927,
1403715355912143104,0.22209,-1.43172,0.35444,-0.23866,0.74554,0.34764,0.51610,
1403715356012142848,0.24292,-1.42594,0.36859,-0.23653,0.74372,0.35394,0.51543,
1403715356112143104,0.26268,-1.42019,0.38227,-0.22869,0.74276,0.35925,0.51666,
1403715356212142848,0.27982,-1.41171,0.39515,-0.22004,0.74265,0.36044,0.51974,
1403715356312143104,0.29316,-1.39914,0.40632,-0.21348,0.74454,0.35775,0.52163,
1403715356412143104,0.30333,-1.38131,0.41373,-0.20920,0.75061,0.35277,0.51804,
1403715356512142848,0.31111,-1.35842,0.41783,-0.21288,0.75788,0.34251,0.51281,
1403715356612143104,0.31820,-1.33019,0.42027,-0.22003,0.76152,0.33499,0.50937,
1403715356712142848,0.32690,-1.29725,0.42170,-0.22818,0.76077,0.33486,0.50699,
1403715356812143104,0.33753,-1.26175,0.42246,-0.23820,0.75662,0.34102,0.50447,
1403715356912143104,0.35098,-1.22438,0.42160,-0.24923,0.75145,0.35361,0.49816,
1403715356962142976,0.35916,-1.20502,0.42305,-0.25752,0.74742,0.36044,0.49510,
1403715357012142848,0.36806,-1.18537,0.42615,-0.26474,0.74161,0.36926,0.49353,
1403715357062142976,0.37737,-1.16569,0.43022,-0.27258,0.73605,0.37857,0.49052,
1403715357112143104,0.38690,-1.14693,0.43517,-0.28022,0.72941,0.38801,0.48876,
1403715357162142976,0.39739,-1.12773,0.44086,-0.28658,0.72303,0.39807,0.48646,
1403715357212142848,0.40877,-1.10874,0.44719,-0.29181,0.71707,0.40765,0.48423,
1403715357262142976,0.42100,-1.09021,0.45415,-0.29551,0.71075,0.41614,0.48407,
1403715357312143104,0.43464,-1.07130,0.46146,-0.29703,0.70546,0.42365,0.48438,
1403715357362142976,0.44867,-1.05212,0.46973,-0.29751,0.70107,0.42996,0.48490,
1403715357412143104,0.46271,-1.03337,0.47776,-0.29859,0.69812,0.43429,0.48463,
1403715357462142976,0.47648,-1.01498,0.48575,-0.29825,0.69527,0.43839,0.48525,
1403715357512142848,0.49022,-0.99727,0.49257,-0.29737,0.69417,0.44198,0.48410,
1403715357562142976,0.50383,-0.97928,0.49847,-0.29639,0.69351,0.44495,0.48293,
1403715357612143104,0.51672,-0.96075,0.50414,-0.29506,0.69282,0.44786,0.48204,
1403715357662142976,0.52953,-0.94174,0.50964,-0.29398,0.69146,0.45005,0.48261,
1403715357712142848,0.54149,-0.92298,0.51635,-0.29388,0.68875,0.45134,0.48534,
1403715357762142976,0.55300,-0.90368,0.52152,-0.29244,0.68689,0.45317,0.48714,
1403715357812143104,0.56326,-0.88392,0.52635,-0.28996,0.68427,0.45566,0.48998,
1403715357862142976,0.57193,-0.86436,0.53093,-0.28643,0.68222,0.45855,0.49220,
1403715357912143104,0.57957,-0.84315,0.53337,-0.28388,0.68124,0.46050,0.49322,
1403715357962142976,0.58612,-0.82063,0.53479,-0.28176,0.68160,0.46184,0.49268,
1403715358012142848,0.59141,-0.79735,0.53540,-0.28006,0.68216,0.46306,0.49173,
1403715358062142976,0.59534,-0.77299,0.53539,-0.27841,0.68289,0.46401,0.49076,
1403715358112143104,0.59791,-0.74769,0.53473,-0.27932,0.68438,0.46320,0.48892,
1403715358162142976,0.59954,-0.72100,0.53305,-0.28191,0.68608,0.46103,0.48711,
1403715358212142848,0.59991,-0.69319,0.53076,-0.28497,0.68935,0.45831,0.48326,
1403715358262142976,0.59958,-0.66440,0.52827,-0.28789,0.69133,0.45601,0.48087,
1403715358312143104,0.59954,-0.63404,0.52547,-0.28885,0.69312,0.45525,0.47844,
1403715358362142976,0.59934,-0.60267,0.52291,-0.28845,0.69337,0.45652,0.47710,
1403715358412143104,0.59871,-0.57030,0.52050,-0.28705,0.69117,0.46003,0.47777,
1403715358462142976,0.59726,-0.53721,0.51786,-0.28763,0.68767,0.46389,0.47874,
1403715358562142976,0.59240,-0.46652,0.51226,-0.29232,0.67738,0.47194,0.48268,
1403715358612143104,0.58847,-0.43048,0.50890,-0.29604,0.67268,0.47528,0.48371,
1403715358662142976,0.58383,-0.39355,0.50582,-0.30253,0.66862,0.47680,0.48383,
1403715358712142848,0.57798,-0.35595,0.50315,-0.31325,0.66574,0.47572,0.48203,
1403715358762142976,0.57143,-0.31872,0.50060,-0.32306,0.66324,0.47512,0.47960,
1403715358812143104,0.56426,-0.28211,0.49787,-0.33117,0.66062,0.47511,0.47768,
1403715358862142976,0.55694,-0.24609,0.49486,-0.33839,0.65831,0.47541,0.47551,
1403715358912143104,0.54946,-0.21069,0.49186,-0.34409,0.65535,0.47589,0.47501,
1403715358962142976,0.54151,-0.17634,0.48821,-0.34783,0.65313,0.47732,0.47392,
1403715359012142848,0.53360,-0.14285,0.48358,-0.35099,0.65251,0.47875,0.47099,
1403715359062142976,0.52591,-0.11029,0.47826,-0.35208,0.65231,0.48105,0.46810,
1403715359112143104,0.51832,-0.07920,0.47363,-0.35306,0.65144,0.48265,0.46693,
1403715359162142976,0.51106,-0.04897,0.46914,-0.35420,0.64991,0.48367,0.46715,
1403715359212142848,0.50367,-0.01976,0.46486,-0.35566,0.64835,0.48379,0.46808,
1403715359262142976,0.49660,0.00790,0.46046,-0.35576,0.64683,0.48429,0.46958,
1403715359312143104,0.48968,0.03444,0.45589,-0.35416,0.64581,0.48537,0.47107,
1403715359362142976,0.48205,0.05894,0.45073,-0.35185,0.64531,0.48671,0.47211,
1403715359412143104,0.47392,0.08266,0.44668,-0.34815,0.64426,0.48839,0.47454,
1403715359462142976,0.46523,0.10584,0.44323,-0.34434,0.64309,0.49002,0.47723,
1403715359512142848,0.45586,0.12814,0.44020,-0.34131,0.64211,0.49108,0.47962,
1403715359562142976,0.44529,0.14961,0.43852,-0.33961,0.64143,0.49096,0.48186,
1403715359612143104,0.43381,0.17090,0.43713,-0.33968,0.64135,0.49002,0.48288,
1403715359662142976,0.42072,0.19028,0.43619,-0.34023,0.64241,0.48883,0.48229,
1403715359712142848,0.40691,0.20915,0.43536,-0.34113,0.64415,0.48738,0.48079,
1403715359762142976,0.39198,0.22677,0.43546,-0.34181,0.64622,0.48623,0.47869,
1403715359812143104,0.37631,0.24334,0.43610,-0.34318,0.64764,0.48452,0.47753,
1403715359862142976,0.35997,0.25907,0.43727,-0.34314,0.64912,0.48418,0.47588,
1403715359912143104,0.34333,0.27411,0.43850,-0.34348,0.65172,0.48369,0.47258,
1403715359962142976,0.32651,0.28810,0.43925,-0.34539,0.65467,0.48220,0.46861,
1403715360012142848,0.30947,0.30090,0.44077,-0.34496,0.65627,0.48254,0.46633,
1403715360062142976,0.29226,0.31395,0.44257,-0.34398,0.65724,0.48333,0.46487,
1403715360112143104,0.27518,0.32674,0.44408,-0.34308,0.65763,0.48428,0.46401,
1403715360162142976,0.25784,0.33931,0.44607,-0.34214,0.65755,0.48532,0.46372,
1403715360212142848,0.24078,0.35233,0.44816,-0.34147,0.65755,0.48601,0.46348,
1403715360262142976,0.22401,0.36417,0.45028,-0.34097,0.65805,0.48584,0.46332,
1403715360312143104,0.20783,0.37625,0.45141,-0.34101,0.65970,0.48379,0.46309,
1403715360412143104,0.17577,0.39736,0.45470,-0.34542,0.66818,0.47198,0.45985,
1403715360512142848,0.14715,0.41674,0.45879,-0.34814,0.67983,0.45512,0.45771,
1403715360612143104,0.12535,0.43220,0.46280,-0.34349,0.69088,0.43818,0.46119,
1403715360712142848,0.11115,0.44408,0.47042,-0.33095,0.69992,0.42269,0.47109,
1403715360912143104,0.10054,0.45625,0.48925,-0.28773,0.71690,0.39464,0.49752,
1403715361112143104,0.09892,0.46345,0.50865,-0.24941,0.73803,0.35602,0.51609,
1403715361362142976,0.09565,0.47133,0.53158,-0.20386,0.76258,0.30420,0.53326,
1403715361562142976,0.08983,0.48727,0.54416,-0.17344,0.77657,0.26673,0.54379,
1403715361712142848,0.08303,0.50861,0.54659,-0.15797,0.78386,0.25014,0.54594,
1403715361862142976,0.07578,0.53627,0.53947,-0.14604,0.79530,0.22917,0.54190,
1403715361962142976,0.07379,0.55874,0.53316,-0.13514,0.80088,0.21226,0.54339,
1403715362062142976,0.07416,0.58366,0.52628,-0.12268,0.80494,0.19298,0.54752,
1403715362212142848,0.07930,0.62531,0.51187,-0.09755,0.81098,0.16119,0.55391,
1403715362312143104,0.08602,0.65621,0.50033,-0.07824,0.81436,0.13793,0.55827,
1403715362412143104,0.09309,0.69003,0.48616,-0.05898,0.81763,0.11296,0.56147,
1403715362462142976,0.09705,0.70882,0.47986,-0.05004,0.81888,0.09954,0.56305,
1403715362512142848,0.10104,0.72796,0.47335,-0.04083,0.81980,0.08608,0.56467,
1403715362562142976,0.10514,0.74759,0.46676,-0.03090,0.82119,0.07335,0.56508,
1403715362662142976,0.11508,0.79022,0.45615,-0.01405,0.82261,0.04696,0.56648,
1403715362712142848,0.12085,0.81317,0.45221,-0.00679,0.82294,0.03333,0.56711,
1403715362762142976,0.12795,0.83726,0.44987,-0.00226,0.82325,0.01821,0.56738,
1403715362812143104,0.13458,0.86207,0.44688,0.00020,0.82324,0.00180,0.56768,
1403715362912143104,0.14741,0.91137,0.44316,-0.00421,0.81930,-0.03618,0.57220,
1403715362962142976,0.15472,0.93504,0.44286,-0.00508,0.81526,-0.05325,0.57661,
1403715363012142848,0.16243,0.95725,0.44314,-0.00580,0.81155,-0.06899,0.58017,
1403715363062142976,0.17002,0.97709,0.44433,-0.00479,0.80892,-0.08273,0.58205,
1403715363162142976,0.18252,1.01103,0.44648,0.00243,0.80707,-0.10461,0.58111,
1403715363262142976,0.19274,1.03498,0.45087,0.01403,0.80644,-0.12228,0.57836,
1403715363412143104,0.20062,1.05187,0.46153,0.03300,0.80347,-0.14653,0.57608,
1403715363612143104,0.20105,1.03856,0.48154,0.07187,0.79834,-0.17156,0.57276,
1403715363762142976,0.19808,1.01302,0.49874,0.10460,0.79311,-0.19061,0.56896,
1403715363862142976,0.19303,0.99309,0.50876,0.12290,0.78740,-0.20989,0.56643,
1403715363962142976,0.18452,0.97046,0.51829,0.14365,0.77928,-0.23091,0.56460,
1403715364062142976,0.17360,0.94669,0.52753,0.16307,0.77030,-0.25492,0.56131,
1403715364162142976,0.16126,0.92372,0.53740,0.17895,0.76152,-0.27557,0.55868,
1403715364262142976,0.14755,0.90258,0.54729,0.18837,0.75675,-0.29163,0.55389,
1403715364362142976,0.13316,0.88278,0.55880,0.18974,0.75482,-0.30476,0.54896,
1403715364462142976,0.11799,0.86316,0.57276,0.18856,0.75338,-0.31311,0.54665,
1403715364562142976,0.10055,0.84213,0.58729,0.18587,0.75255,-0.31713,0.54640,
1403715364662142976,0.07985,0.81843,0.60419,0.18662,0.75149,-0.31813,0.54702,
1403715364762142976,0.05519,0.79157,0.62250,0.19787,0.75038,-0.31649,0.54554,
1403715364812143104,0.04156,0.77756,0.63099,0.20559,0.75132,-0.31592,0.54171,
1403715364862142976,0.02753,0.76325,0.63922,0.21260,0.75221,-0.31669,0.53730,
1403715364912143104,0.01278,0.74901,0.64743,0.21816,0.75240,-0.31905,0.53340,
1403715364962142976,-0.00124,0.73483,0.65535,0.22442,0.75259,-0.32178,0.52887,
1403715365012142848,-0.01500,0.72031,0.66311,0.22804,0.75146,-0.32668,0.52592,
1403715365062142976,-0.02829,0.70625,0.67098,0.23300,0.75061,-0.33113,0.52216,
1403715365162142976,-0.05393,0.67924,0.68804,0.24314,0.74379,-0.34129,0.52074,
1403715365312143104,-0.08579,0.64451,0.71203,0.25762,0.73383,-0.35447,0.51910,
1403715365412143104,-0.10411,0.62596,0.72538,0.26326,0.72761,-0.36420,0.51831,
1403715365562142976,-0.13070,0.60279,0.74350,0.27524,0.71650,-0.38364,0.51351,
1403715365662142976,-0.14857,0.59126,0.75454,0.28100,0.70458,-0.40375,0.51146,
1403715365762142976,-0.16878,0.58073,0.76444,0.28733,0.69098,-0.42631,0.50817,
1403715365862142976,-0.19009,0.57258,0.77296,0.29597,0.67887,-0.44602,0.50260,
1403715365962142976,-0.21632,0.56833,0.78105,0.30318,0.66935,-0.46183,0.49675,
1403715366062142976,-0.24329,0.56358,0.78666,0.30451,0.65974,-0.47573,0.49568,
1403715366162142976,-0.27463,0.56022,0.79113,0.30519,0.65220,-0.48564,0.49563,
1403715366262142976,-0.31286,0.55769,0.79476,0.30780,0.64816,-0.48987,0.49515,
1403715366312143104,-0.33417,0.55614,0.79684,0.31012,0.64792,-0.49017,0.49371,
1403715366362142976,-0.35642,0.55408,0.79890,0.31223,0.64792,-0.48993,0.49263,
1403715366412143104,-0.37962,0.55144,0.80086,0.31395,0.65013,-0.48916,0.48939,
1403715366462142976,-0.40471,0.54978,0.80229,0.31775,0.65295,-0.48693,0.48538,
1403715366512142848,-0.43037,0.54791,0.80371,0.32104,0.65603,-0.48448,0.48150,
1403715366562142976,-0.45649,0.54601,0.80443,0.32234,0.65868,-0.48273,0.47876,
1403715366612143104,-0.48292,0.54366,0.80445,0.32287,0.66165,-0.48143,0.47560,
1403715366712142848,-0.53532,0.53872,0.80299,0.32227,0.66693,-0.47896,0.47111,
1403715366762142976,-0.56118,0.53609,0.80261,0.32073,0.66924,-0.47850,0.46936,
1403715366812143104,-0.58651,0.53309,0.80208,0.31908,0.67211,-0.47809,0.46678,
1403715366862142976,-0.61202,0.52951,0.80274,0.31714,0.67454,-0.47759,0.46512,
1403715366912143104,-0.63732,0.52518,0.80401,0.31564,0.67612,-0.47697,0.46447,
1403715366962142976,-0.66148,0.52042,0.80546,0.31276,0.67718,-0.47742,0.46442,
1403715367012142848,-0.68523,0.51485,0.80750,0.31057,0.67804,-0.47729,0.46476,
1403715367062142976,-0.70838,0.50831,0.81038,0.30842,0.67839,-0.47732,0.46566,
1403715367112143104,-0.73112,0.50073,0.81356,0.30679,0.67902,-0.47687,0.46627,
1403715367162142976,-0.75340,0.49138,0.81774,0.30460,0.67996,-0.47663,0.46658,
1403715367212142848,-0.77567,0.48149,0.82149,0.30411,0.68058,-0.47537,0.46729,
1403715367262142976,-0.79740,0.47100,0.82483,0.30142,0.68056,-0.47565,0.46876,
1403715367312143104,-0.81955,0.45963,0.82806,0.29960,0.68169,-0.47545,0.46849,
1403715367362142976,-0.84107,0.44694,0.83113,0.29723,0.68264,-0.47579,0.46828,
1403715367412143104,-0.86386,0.43373,0.83319,0.29566,0.68329,-0.47571,0.46840,
1403715367462142976,-0.88573,0.41902,0.83575,0.29463,0.68392,-0.47514,0.46871,
1403715367512142848,-0.90729,0.40290,0.83863,0.29333,0.68505,-0.47492,0.46809,
1403715367562142976,-0.92886,0.38507,0.84164,0.29253,0.68595,-0.47412,0.46810,
1403715367662142976,-0.97139,0.34531,0.84792,0.29116,0.68633,-0.47264,0.46988,
1403715367712142848,-0.99199,0.32443,0.85060,0.29199,0.68650,-0.47113,0.47064,
1403715367762142976,-1.01273,0.30101,0.85435,0.29195,0.68672,-0.47012,0.47136,
1403715367812143104,-1.03365,0.27626,0.85849,0.29301,0.68712,-0.46851,0.47171,
1403715367862142976,-1.05439,0.25072,0.86261,0.29511,0.68727,-0.46632,0.47235,
1403715367912143104,-1.07544,0.22415,0.86647,0.29864,0.68688,-0.46356,0.47341,
1403715367962142976,-1.09579,0.19666,0.87043,0.30155,0.68485,-0.46147,0.47655,
1403715368012142848,-1.11584,0.16868,0.87369,0.30362,0.68275,-0.46023,0.47944,
1403715368062142976,-1.13606,0.14046,0.87629,0.30475,0.68026,-0.45972,0.48274,
1403715368112143104,-1.15585,0.11243,0.87850,0.30578,0.67846,-0.45942,0.48490,
1403715368162142976,-1.17615,0.08415,0.88006,0.30627,0.67670,-0.45966,0.48681,
1403715368212142848,-1.19624,0.05639,0.88059,0.30588,0.67532,-0.46048,0.48819,
1403715368262142976,-1.21702,0.02860,0.88087,0.30391,0.67358,-0.46233,0.49008,
1403715368312143104,-1.23844,0.00120,0.88084,0.30172,0.67202,-0.46439,0.49162,
1403715368412143104,-1.28359,-0.05381,0.88045,0.29639,0.66757,-0.46904,0.49649,
1403715368462142976,-1.30721,-0.08141,0.88012,0.29548,0.66503,-0.47024,0.49931,
1403715368512142848,-1.33159,-0.10879,0.87987,0.29580,0.66335,-0.47083,0.50079,
1403715368562142976,-1.35813,-0.13634,0.87896,0.29868,0.66306,-0.46976,0.50047,
1403715368612143104,-1.38537,-0.16340,0.87792,0.30349,0.66421,-0.46754,0.49812,
1403715368662142976,-1.41434,-0.19043,0.87666,0.30817,0.66605,-0.46532,0.49486,
1403715368712142848,-1.44322,-0.21636,0.87507,0.31091,0.66724,-0.46433,0.49247,
1403715368762142976,-1.47337,-0.24258,0.87364,0.31406,0.66842,-0.46321,0.48992,
1403715368812143104,-1.50393,-0.26798,0.87222,0.31672,0.66917,-0.46233,0.48801,
1403715368862142976,-1.53456,-0.29272,0.87060,0.31749,0.66977,-0.46275,0.48628,
1403715368912143104,-1.56508,-0.31729,0.86908,0.31762,0.67095,-0.46237,0.48493,
1403715368962142976,-1.59544,-0.34084,0.86740,0.31613,0.67313,-0.46144,0.48377,
1403715369012142848,-1.62537,-0.36402,0.86569,0.31296,0.67625,-0.46003,0.48283,
1403715369062142976,-1.65534,-0.38689,0.86415,0.30867,0.68030,-0.45765,0.48216,
1403715369112143104,-1.68527,-0.40972,0.86262,0.30399,0.68484,-0.45374,0.48240,
1403715369162142976,-1.71427,-0.43282,0.86138,0.29936,0.69001,-0.44829,0.48302,
1403715369212142848,-1.74284,-0.45640,0.86020,0.29406,0.69541,-0.44192,0.48440,
1403715369262142976,-1.77141,-0.48000,0.85948,0.28969,0.70113,-0.43369,0.48623,
1403715369312143104,-1.79887,-0.50284,0.85850,0.28378,0.70728,-0.42538,0.48814,
1403715369362142976,-1.82629,-0.52671,0.85828,0.27787,0.71297,-0.41621,0.49116,
1403715369412143104,-1.85294,-0.55111,0.85813,0.27155,0.71927,-0.40647,0.49365,
1403715369462142976,-1.87861,-0.57541,0.85811,0.26454,0.72522,-0.39671,0.49668,
1403715369512142848,-1.90387,-0.59989,0.85786,0.25727,0.73102,-0.38656,0.49999,
1403715369562142976,-1.92853,-0.62448,0.85786,0.24989,0.73660,-0.37623,0.50341,
1403715369612143104,-1.95266,-0.64894,0.85754,0.24262,0.74209,-0.36546,0.50683,
1403715369662142976,-1.97639,-0.67401,0.85727,0.23598,0.74726,-0.35521,0.50965,
1403715369712142848,-1.99941,-0.69992,0.85677,0.23045,0.75150,-0.34598,0.51229,
1403715369762142976,-2.02142,-0.72607,0.85676,0.22629,0.75556,-0.33723,0.51400,
1403715369812143104,-2.04269,-0.75211,0.85533,0.22241,0.75891,-0.33035,0.51522,
1403715369862142976,-2.06319,-0.77889,0.85437,0.22069,0.76205,-0.32372,0.51553,
1403715369912143104,-2.08242,-0.80607,0.85278,0.21921,0.76541,-0.31863,0.51436,
1403715370012142848,-2.11870,-0.86076,0.84877,0.21837,0.77169,-0.31090,0.51005,
1403715370062142976,-2.13408,-0.88760,0.84647,0.22025,0.77408,-0.30706,0.50795,
1403715370112143104,-2.14752,-0.91484,0.84429,0.22220,0.77504,-0.30412,0.50740,
1403715370162142976,-2.15905,-0.94196,0.84293,0.22496,0.77416,-0.30103,0.50936,
1403715370212142848,-2.16889,-0.96873,0.84147,0.22356,0.77101,-0.30189,0.51423,
1403715370262142976,-2.17663,-0.99485,0.84114,0.22162,0.76743,-0.30383,0.51925,
1403715370312143104,-2.18272,-1.01992,0.83994,0.21954,0.76438,-0.30601,0.52334,
1403715370362142976,-2.18884,-1.04499,0.83876,0.21644,0.76127,-0.30934,0.52719,
1403715370412143104,-2.19371,-1.06992,0.83815,0.21291,0.75833,-0.31317,0.53060,
1403715370462142976,-2.19879,-1.09469,0.83731,0.21029,0.75623,-0.31654,0.53263,
1403715370512142848,-2.20379,-1.11929,0.83660,0.20882,0.75425,-0.31953,0.53423,
1403715370562142976,-2.20865,-1.14403,0.83601,0.20763,0.75304,-0.32195,0.53495,
